1,2012-05-10 16:05:58.607684,1,1,srtm_39_18.asc,/home/maggie/GISdata/SRTM,"(-24.99958336,15.00041679),(-30.00041669,9.999583454)",-1
2,2012-05-10 16:05:58.655164,1,1,srtm_43_19.asc,/home/maggie/GISdata/SRTM,"(-29.99958307,35.00041667),(-35.0004164,29.99958333)",-1
3,2012-05-10 16:05:58.665332,1,1,srtm_44_17.asc,/home/maggie/GISdata/SRTM,"(-19.99958324,40.00041679),(-25.00041657,34.99958345)",-1
4,2012-05-10 16:05:58.67569,1,1,srtm_39_17.asc,/home/maggie/GISdata/SRTM,"(-19.99958324,15.00041679),(-25.00041657,9.999583454)",-1
5,2012-05-10 16:05:58.685965,1,1,srtm_40_19.asc,/home/maggie/GISdata/SRTM,"(-29.99958287,20.00041696),(-35.00041621,14.99958362)",-1
6,2012-05-10 16:05:58.696117,1,1,srtm_42_19.asc,/home/maggie/GISdata/SRTM,"(-29.99958287,30.0004172),(-35.00041621,24.99958387)",-1
7,2012-05-10 16:05:58.706352,1,1,srtm_39_16.asc,/home/maggie/GISdata/SRTM,"(-14.99958312,15.00041679),(-20.00041645,9.999583454)",-1
8,2012-05-10 16:05:58.716684,1,1,srtm_43_18.asc,/home/maggie/GISdata/SRTM,"(-24.99958336,35.00041667),(-30.00041669,29.99958333)",-1
9,2012-05-10 16:05:58.726883,1,1,srtm_40_16.asc,/home/maggie/GISdata/SRTM,"(-14.99958312,20.00041691),(-20.00041645,14.99958358)",-1
10,2012-05-10 16:05:58.737224,1,1,srtm_42_18.asc,/home/maggie/GISdata/SRTM,"(-24.99958336,30.00041715),(-30.00041669,24.99958382)",-1
11,2012-05-10 16:05:58.747541,1,1,srtm_40_17.asc,/home/maggie/GISdata/SRTM,"(-19.99958324,20.00041691),(-25.00041657,14.99958358)",-1
12,2012-05-10 16:05:58.757813,1,1,srtm_41_17.asc,/home/maggie/GISdata/SRTM,"(-19.99958324,25.00041703),(-25.00041657,19.9995837)",-1
13,2012-05-10 16:05:58.768125,1,1,srtm_41_19.asc,/home/maggie/GISdata/SRTM,"(-29.99958287,25.00041708),(-35.00041621,19.99958374)",-1
14,2012-05-10 16:05:58.778448,1,1,srtm_41_16.asc,/home/maggie/GISdata/SRTM,"(-14.99958312,25.00041703),(-20.00041645,19.9995837)",-1
15,2012-05-10 16:05:58.788607,1,1,srtm_44_16.asc,/home/maggie/GISdata/SRTM,"(-14.99958312,40.00041679),(-20.00041645,34.99958345)",-1
16,2012-05-10 16:05:58.798807,1,1,srtm_42_16.asc,/home/maggie/GISdata/SRTM,"(-14.99958312,30.00041715),(-20.00041645,24.99958382)",-1
17,2012-05-10 16:05:58.809176,1,1,srtm_40_18.asc,/home/maggie/GISdata/SRTM,"(-24.99958336,20.00041691),(-30.00041669,14.99958358)",-1
18,2012-05-10 16:05:58.819433,1,1,srtm_41_18.asc,/home/maggie/GISdata/SRTM,"(-24.99958336,25.00041703),(-30.00041669,19.9995837)",-1
19,2012-05-10 16:05:58.829714,1,1,srtm_42_17.asc,/home/maggie/GISdata/SRTM,"(-19.99958324,30.00041715),(-25.00041657,24.99958382)",-1
20,2012-05-10 16:05:58.839945,1,1,srtm_43_16.asc,/home/maggie/GISdata/SRTM,"(-14.99958312,35.00041667),(-20.00041645,29.99958333)",-1
21,2012-05-10 16:05:58.850326,1,1,srtm_43_17.asc,/home/maggie/GISdata/SRTM,"(-19.99958324,35.00041667),(-25.00041657,29.99958333)",-1
22,2012-08-08 17:36:47.169434,1,2,Part1.tif,/home/maggie/GISdata/SA National land cover 2001,"(-21.92786927,32.97191182),(-34.41429806,24.34757525)",-1
23,2012-08-11 17:49:43.582725,1,3,Part1.tif000.BIN,/home/maggie/GISdata/SA National land cover 2001/BIN,"(-22,25),(-22.5,24)",25
24,2012-08-11 17:49:44.368363,1,3,Part1.tif011.BIN,/home/maggie/GISdata/SA National land cover 2001/BIN,"(-22,26),(-22.5,25)",25
25,2012-08-11 17:49:44.378504,1,3,Part1.tif022.BIN,/home/maggie/GISdata/SA National land cover 2001/BIN,"(-22,27),(-22.5,26)",27
26,2012-08-11 17:49:44.388785,1,3,Part1.tif033.BIN,/home/maggie/GISdata/SA National land cover 2001/BIN,"(-22,28),(-22.5,27)",27
27,2012-08-11 17:49:44.399067,1,3,Part1.tif044.BIN,/home/maggie/GISdata/SA National land cover 2001/BIN,"(-22,29),(-22.5,28)",29
28,2012-08-11 17:49:44.409387,1,3,Part1.tif055.BIN,/home/maggie/GISdata/SA National land cover 2001/BIN,"(-22,30),(-22.5,29)",29
29,2012-08-11 17:49:44.41969,1,3,Part1.tif066.BIN,/home/maggie/GISdata/SA National land cover 2001/BIN,"(-22,31),(-22.5,30)",31
30,2012-08-11 17:49:44.42994,1,3,Part1.tif077.BIN,/home/maggie/GISdata/SA National land cover 2001/BIN,"(-22,32),(-22.5,31)",31
31,2012-08-11 17:49:44.440239,1,3,Part1.tif088.BIN,/home/maggie/GISdata/SA National land cover 2001/BIN,"(-22,33),(-22.5,32)",33
32,2012-08-11 17:49:44.450463,1,3,Part1.tif109.BIN,/home/maggie/GISdata/SA National land cover 2001/BIN,"(-22.5,25),(-23,24)",25
33,2012-08-11 17:49:44.460731,1,3,Part1.tif1110.BIN,/home/maggie/GISdata/SA National land cover 2001/BIN,"(-22.5,26),(-23,25)",25
34,2012-08-11 17:49:44.471043,1,3,Part1.tif1211.BIN,/home/maggie/GISdata/SA National land cover 2001/BIN,"(-22.5,27),(-23,26)",27
35,2012-08-11 17:49:44.481182,1,3,Part1.tif1312.BIN,/home/maggie/GISdata/SA National land cover 2001/BIN,"(-22.5,28),(-23,27)",27
36,2012-08-11 17:49:44.491567,1,3,Part1.tif1413.BIN,/home/maggie/GISdata/SA National land cover 2001/BIN,"(-22.5,29),(-23,28)",29
37,2012-08-11 17:49:44.50184,1,3,Part1.tif1514.BIN,/home/maggie/GISdata/SA National land cover 2001/BIN,"(-22.5,30),(-23,29)",29
38,2012-08-11 17:49:44.512126,1,3,Part1.tif1615.BIN,/home/maggie/GISdata/SA National land cover 2001/BIN,"(-22.5,31),(-23,30)",31
39,2012-08-11 17:49:44.522337,1,3,Part1.tif1716.BIN,/home/maggie/GISdata/SA National land cover 2001/BIN,"(-22.5,32),(-23,31)",31
40,2012-08-11 17:49:44.532666,1,3,Part1.tif1817.BIN,/home/maggie/GISdata/SA National land cover 2001/BIN,"(-22.5,33),(-23,32)",33
41,2012-08-11 17:49:44.543056,1,3,Part1.tif2018.BIN,/home/maggie/GISdata/SA National land cover 2001/BIN,"(-23,25),(-23.5,24)",25
42,2012-08-11 17:49:44.553013,1,3,Part1.tif2119.BIN,/home/maggie/GISdata/SA National land cover 2001/BIN,"(-23,26),(-23.5,25)",25
43,2012-08-11 17:49:44.563488,1,3,Part1.tif2220.BIN,/home/maggie/GISdata/SA National land cover 2001/BIN,"(-23,27),(-23.5,26)",27
44,2012-08-11 17:49:44.573846,1,3,Part1.tif2321.BIN,/home/maggie/GISdata/SA National land cover 2001/BIN,"(-23,28),(-23.5,27)",27
45,2012-08-11 17:49:44.583985,1,3,Part1.tif2422.BIN,/home/maggie/GISdata/SA National land cover 2001/BIN,"(-23,29),(-23.5,28)",29
46,2012-08-11 17:49:44.594371,1,3,Part1.tif2523.BIN,/home/maggie/GISdata/SA National land cover 2001/BIN,"(-23,30),(-23.5,29)",29
47,2012-08-11 17:49:44.604666,1,3,Part1.tif2624.BIN,/home/maggie/GISdata/SA National land cover 2001/BIN,"(-23,31),(-23.5,30)",31
48,2012-08-11 17:49:44.614891,1,3,Part1.tif2725.BIN,/home/maggie/GISdata/SA National land cover 2001/BIN,"(-23,32),(-23.5,31)",31
49,2012-08-11 17:49:44.62522,1,3,Part1.tif2826.BIN,/home/maggie/GISdata/SA National land cover 2001/BIN,"(-23,33),(-23.5,32)",33
50,2012-08-11 17:49:44.635331,1,3,Part1.tif3027.BIN,/home/maggie/GISdata/SA National land cover 2001/BIN,"(-23.5,25),(-24,24)",25
51,2012-08-11 17:49:44.64558,1,3,Part1.tif3128.BIN,/home/maggie/GISdata/SA National land cover 2001/BIN,"(-23.5,26),(-24,25)",25
52,2012-08-11 17:49:44.656053,1,3,Part1.tif3229.BIN,/home/maggie/GISdata/SA National land cover 2001/BIN,"(-23.5,27),(-24,26)",27
53,2012-08-11 17:49:44.666213,1,3,Part1.tif3330.BIN,/home/maggie/GISdata/SA National land cover 2001/BIN,"(-23.5,28),(-24,27)",27
54,2012-08-11 17:49:44.676515,1,3,Part1.tif3431.BIN,/home/maggie/GISdata/SA National land cover 2001/BIN,"(-23.5,29),(-24,28)",29
55,2012-08-11 17:49:44.686806,1,3,Part1.tif3532.BIN,/home/maggie/GISdata/SA National land cover 2001/BIN,"(-23.5,30),(-24,29)",29
56,2012-08-11 17:49:44.769136,1,3,Part1.tif3633.BIN,/home/maggie/GISdata/SA National land cover 2001/BIN,"(-23.5,31),(-24,30)",31
57,2012-08-11 17:49:44.820574,1,3,Part1.tif3734.BIN,/home/maggie/GISdata/SA National land cover 2001/BIN,"(-23.5,32),(-24,31)",31
58,2012-08-11 17:49:44.830722,1,3,Part1.tif3835.BIN,/home/maggie/GISdata/SA National land cover 2001/BIN,"(-23.5,33),(-24,32)",33
59,2012-08-11 17:49:44.841173,1,3,Part1.tif4036.BIN,/home/maggie/GISdata/SA National land cover 2001/BIN,"(-24,25),(-24.5,24)",25
60,2012-08-11 17:49:44.851305,1,3,Part1.tif4137.BIN,/home/maggie/GISdata/SA National land cover 2001/BIN,"(-24,26),(-24.5,25)",25
61,2012-08-11 17:49:44.861626,1,3,Part1.tif4238.BIN,/home/maggie/GISdata/SA National land cover 2001/BIN,"(-24,27),(-24.5,26)",27
62,2012-08-11 17:49:44.871883,1,3,Part1.tif4339.BIN,/home/maggie/GISdata/SA National land cover 2001/BIN,"(-24,28),(-24.5,27)",27
63,2012-08-11 17:49:44.882198,1,3,Part1.tif4440.BIN,/home/maggie/GISdata/SA National land cover 2001/BIN,"(-24,29),(-24.5,28)",29
64,2012-08-11 17:49:44.892253,1,3,Part1.tif4541.BIN,/home/maggie/GISdata/SA National land cover 2001/BIN,"(-24,30),(-24.5,29)",29
65,2012-08-11 17:49:44.902801,1,3,Part1.tif4642.BIN,/home/maggie/GISdata/SA National land cover 2001/BIN,"(-24,31),(-24.5,30)",31
66,2012-08-11 17:49:44.912917,1,3,Part1.tif4743.BIN,/home/maggie/GISdata/SA National land cover 2001/BIN,"(-24,32),(-24.5,31)",31
67,2012-08-11 17:49:44.923238,1,3,Part1.tif4844.BIN,/home/maggie/GISdata/SA National land cover 2001/BIN,"(-24,33),(-24.5,32)",33
68,2012-08-11 17:49:44.933616,1,3,Part1.tif5045.BIN,/home/maggie/GISdata/SA National land cover 2001/BIN,"(-24.5,25),(-25,24)",25
69,2012-08-11 17:49:44.943775,1,3,Part1.tif5146.BIN,/home/maggie/GISdata/SA National land cover 2001/BIN,"(-24.5,26),(-25,25)",25
70,2012-08-11 17:49:44.954061,1,3,Part1.tif5247.BIN,/home/maggie/GISdata/SA National land cover 2001/BIN,"(-24.5,27),(-25,26)",27
71,2012-08-11 17:49:44.964319,1,3,Part1.tif5348.BIN,/home/maggie/GISdata/SA National land cover 2001/BIN,"(-24.5,28),(-25,27)",27
72,2012-08-11 17:49:44.974589,1,3,Part1.tif5449.BIN,/home/maggie/GISdata/SA National land cover 2001/BIN,"(-24.5,29),(-25,28)",29
73,2012-08-11 17:49:44.985025,1,3,Part1.tif5550.BIN,/home/maggie/GISdata/SA National land cover 2001/BIN,"(-24.5,30),(-25,29)",29
74,2012-08-11 17:49:44.995199,1,3,Part1.tif5651.BIN,/home/maggie/GISdata/SA National land cover 2001/BIN,"(-24.5,31),(-25,30)",31
75,2012-08-11 17:49:45.005611,1,3,Part1.tif5752.BIN,/home/maggie/GISdata/SA National land cover 2001/BIN,"(-24.5,32),(-25,31)",31
76,2012-08-11 17:49:45.015822,1,3,Part1.tif5853.BIN,/home/maggie/GISdata/SA National land cover 2001/BIN,"(-24.5,33),(-25,32)",33
77,2012-08-11 17:49:45.067708,1,3,Part1.tif6054.BIN,/home/maggie/GISdata/SA National land cover 2001/BIN,"(-25,25),(-25.5,24)",25
78,2012-08-11 17:49:45.077489,1,3,Part1.tif6155.BIN,/home/maggie/GISdata/SA National land cover 2001/BIN,"(-25,26),(-25.5,25)",25
79,2012-08-11 17:49:45.087908,1,3,Part1.tif6256.BIN,/home/maggie/GISdata/SA National land cover 2001/BIN,"(-25,27),(-25.5,26)",27
80,2012-08-11 17:49:45.097988,1,3,Part1.tif6357.BIN,/home/maggie/GISdata/SA National land cover 2001/BIN,"(-25,28),(-25.5,27)",27
81,2012-08-11 17:49:45.108323,1,3,Part1.tif6458.BIN,/home/maggie/GISdata/SA National land cover 2001/BIN,"(-25,29),(-25.5,28)",29
82,2012-08-11 17:49:45.118699,1,3,Part1.tif6559.BIN,/home/maggie/GISdata/SA National land cover 2001/BIN,"(-25,30),(-25.5,29)",29
83,2012-08-11 17:49:45.128837,1,3,Part1.tif6660.BIN,/home/maggie/GISdata/SA National land cover 2001/BIN,"(-25,31),(-25.5,30)",31
84,2012-08-11 17:49:45.139165,1,3,Part1.tif6761.BIN,/home/maggie/GISdata/SA National land cover 2001/BIN,"(-25,32),(-25.5,31)",31
85,2012-08-11 17:49:45.149366,1,3,Part1.tif6862.BIN,/home/maggie/GISdata/SA National land cover 2001/BIN,"(-25,33),(-25.5,32)",33
86,2012-08-11 17:49:45.159653,1,3,Part1.tif7063.BIN,/home/maggie/GISdata/SA National land cover 2001/BIN,"(-25.5,25),(-26,24)",25
87,2012-08-11 17:49:45.169888,1,3,Part1.tif7164.BIN,/home/maggie/GISdata/SA National land cover 2001/BIN,"(-25.5,26),(-26,25)",25
88,2012-08-11 17:49:45.180214,1,3,Part1.tif7265.BIN,/home/maggie/GISdata/SA National land cover 2001/BIN,"(-25.5,27),(-26,26)",27
89,2012-08-11 17:49:45.190535,1,3,Part1.tif7366.BIN,/home/maggie/GISdata/SA National land cover 2001/BIN,"(-25.5,28),(-26,27)",27
90,2012-08-11 17:49:45.200849,1,3,Part1.tif7467.BIN,/home/maggie/GISdata/SA National land cover 2001/BIN,"(-25.5,29),(-26,28)",29
91,2012-08-11 17:49:45.211244,1,3,Part1.tif7568.BIN,/home/maggie/GISdata/SA National land cover 2001/BIN,"(-25.5,30),(-26,29)",29
92,2012-08-11 17:49:45.221315,1,3,Part1.tif7669.BIN,/home/maggie/GISdata/SA National land cover 2001/BIN,"(-25.5,31),(-26,30)",31
93,2012-08-11 17:49:45.231706,1,3,Part1.tif7770.BIN,/home/maggie/GISdata/SA National land cover 2001/BIN,"(-25.5,32),(-26,31)",31
94,2012-08-11 17:49:45.24193,1,3,Part1.tif7871.BIN,/home/maggie/GISdata/SA National land cover 2001/BIN,"(-25.5,33),(-26,32)",33
95,2012-08-11 17:49:45.252194,1,3,Part1.tif8072.BIN,/home/maggie/GISdata/SA National land cover 2001/BIN,"(-26,25),(-26.5,24)",25
96,2012-08-11 17:49:45.262583,1,3,Part1.tif8173.BIN,/home/maggie/GISdata/SA National land cover 2001/BIN,"(-26,26),(-26.5,25)",25
97,2012-08-11 17:49:45.272784,1,3,Part1.tif8274.BIN,/home/maggie/GISdata/SA National land cover 2001/BIN,"(-26,27),(-26.5,26)",27
98,2012-08-11 17:49:45.282995,1,3,Part1.tif8375.BIN,/home/maggie/GISdata/SA National land cover 2001/BIN,"(-26,28),(-26.5,27)",27
99,2012-08-11 17:49:45.293425,1,3,Part1.tif8476.BIN,/home/maggie/GISdata/SA National land cover 2001/BIN,"(-26,29),(-26.5,28)",29
100,2012-08-11 17:49:45.303641,1,3,Part1.tif8577.BIN,/home/maggie/GISdata/SA National land cover 2001/BIN,"(-26,30),(-26.5,29)",29
101,2012-08-11 17:49:45.313736,1,3,Part1.tif8678.BIN,/home/maggie/GISdata/SA National land cover 2001/BIN,"(-26,31),(-26.5,30)",31
102,2012-08-11 17:49:45.324142,1,3,Part1.tif8779.BIN,/home/maggie/GISdata/SA National land cover 2001/BIN,"(-26,32),(-26.5,31)",31
103,2012-08-11 17:49:45.334445,1,3,Part1.tif8880.BIN,/home/maggie/GISdata/SA National land cover 2001/BIN,"(-26,33),(-26.5,32)",33
104,2012-08-11 17:49:45.344761,1,3,Part1.tif9081.BIN,/home/maggie/GISdata/SA National land cover 2001/BIN,"(-26.5,25),(-27,24)",25
105,2012-08-11 17:49:45.355127,1,3,Part1.tif9182.BIN,/home/maggie/GISdata/SA National land cover 2001/BIN,"(-26.5,26),(-27,25)",25
106,2012-08-11 17:49:45.365329,1,3,Part1.tif9283.BIN,/home/maggie/GISdata/SA National land cover 2001/BIN,"(-26.5,27),(-27,26)",27
107,2012-08-11 17:49:45.375564,1,3,Part1.tif9384.BIN,/home/maggie/GISdata/SA National land cover 2001/BIN,"(-26.5,28),(-27,27)",27
108,2012-08-11 17:49:45.385886,1,3,Part1.tif9485.BIN,/home/maggie/GISdata/SA National land cover 2001/BIN,"(-26.5,29),(-27,28)",29
109,2012-08-11 17:49:45.396239,1,3,Part1.tif9586.BIN,/home/maggie/GISdata/SA National land cover 2001/BIN,"(-26.5,30),(-27,29)",29
110,2012-08-11 17:49:45.406429,1,3,Part1.tif9687.BIN,/home/maggie/GISdata/SA National land cover 2001/BIN,"(-26.5,31),(-27,30)",31
111,2012-08-11 17:49:45.416706,1,3,Part1.tif9788.BIN,/home/maggie/GISdata/SA National land cover 2001/BIN,"(-26.5,32),(-27,31)",31
112,2012-08-11 17:49:45.427044,1,3,Part1.tif9889.BIN,/home/maggie/GISdata/SA National land cover 2001/BIN,"(-26.5,33),(-27,32)",33
113,2012-08-11 17:49:45.437352,1,3,Part1.tif10090.BIN,/home/maggie/GISdata/SA National land cover 2001/BIN,"(-27,25),(-27.5,24)",25
114,2012-08-11 17:49:45.447577,1,3,Part1.tif10191.BIN,/home/maggie/GISdata/SA National land cover 2001/BIN,"(-27,26),(-27.5,25)",25
115,2012-08-11 17:49:45.457761,1,3,Part1.tif10292.BIN,/home/maggie/GISdata/SA National land cover 2001/BIN,"(-27,27),(-27.5,26)",27
116,2012-08-11 17:49:45.468085,1,3,Part1.tif10393.BIN,/home/maggie/GISdata/SA National land cover 2001/BIN,"(-27,28),(-27.5,27)",27
117,2012-08-11 17:49:45.478493,1,3,Part1.tif10494.BIN,/home/maggie/GISdata/SA National land cover 2001/BIN,"(-27,29),(-27.5,28)",29
118,2012-08-11 17:49:45.488639,1,3,Part1.tif10595.BIN,/home/maggie/GISdata/SA National land cover 2001/BIN,"(-27,30),(-27.5,29)",29
119,2012-08-11 17:49:45.498751,1,3,Part1.tif10696.BIN,/home/maggie/GISdata/SA National land cover 2001/BIN,"(-27,31),(-27.5,30)",31
120,2012-08-11 17:49:45.509187,1,3,Part1.tif10797.BIN,/home/maggie/GISdata/SA National land cover 2001/BIN,"(-27,32),(-27.5,31)",31
121,2012-08-11 17:49:45.519494,1,3,Part1.tif10898.BIN,/home/maggie/GISdata/SA National land cover 2001/BIN,"(-27,33),(-27.5,32)",33
122,2012-08-11 17:49:45.529692,1,3,Part1.tif11099.BIN,/home/maggie/GISdata/SA National land cover 2001/BIN,"(-27.5,25),(-28,24)",25
123,2012-08-11 17:49:45.54015,1,3,Part1.tif111100.BIN,/home/maggie/GISdata/SA National land cover 2001/BIN,"(-27.5,26),(-28,25)",25
124,2012-08-11 17:49:45.550384,1,3,Part1.tif112101.BIN,/home/maggie/GISdata/SA National land cover 2001/BIN,"(-27.5,27),(-28,26)",27
125,2012-08-11 17:49:45.56057,1,3,Part1.tif113102.BIN,/home/maggie/GISdata/SA National land cover 2001/BIN,"(-27.5,28),(-28,27)",27
126,2012-08-11 17:49:45.57088,1,3,Part1.tif114103.BIN,/home/maggie/GISdata/SA National land cover 2001/BIN,"(-27.5,29),(-28,28)",29
127,2012-08-11 17:49:45.581135,1,3,Part1.tif115104.BIN,/home/maggie/GISdata/SA National land cover 2001/BIN,"(-27.5,30),(-28,29)",29
128,2012-08-11 17:49:45.591423,1,3,Part1.tif116105.BIN,/home/maggie/GISdata/SA National land cover 2001/BIN,"(-27.5,31),(-28,30)",31
129,2012-08-11 17:49:45.60181,1,3,Part1.tif117106.BIN,/home/maggie/GISdata/SA National land cover 2001/BIN,"(-27.5,32),(-28,31)",31
130,2012-08-11 17:49:45.612127,1,3,Part1.tif118107.BIN,/home/maggie/GISdata/SA National land cover 2001/BIN,"(-27.5,33),(-28,32)",33
131,2012-08-11 17:49:45.622301,1,3,Part1.tif120108.BIN,/home/maggie/GISdata/SA National land cover 2001/BIN,"(-28,25),(-28.5,24)",25
132,2012-08-11 17:49:45.653376,1,3,Part1.tif121109.BIN,/home/maggie/GISdata/SA National land cover 2001/BIN,"(-28,26),(-28.5,25)",25
133,2012-08-11 17:49:45.673721,1,3,Part1.tif122110.BIN,/home/maggie/GISdata/SA National land cover 2001/BIN,"(-28,27),(-28.5,26)",27
134,2012-08-11 17:49:45.683931,1,3,Part1.tif123111.BIN,/home/maggie/GISdata/SA National land cover 2001/BIN,"(-28,28),(-28.5,27)",27
135,2012-08-11 17:49:45.694366,1,3,Part1.tif124112.BIN,/home/maggie/GISdata/SA National land cover 2001/BIN,"(-28,29),(-28.5,28)",29
136,2012-08-11 17:49:45.704539,1,3,Part1.tif125113.BIN,/home/maggie/GISdata/SA National land cover 2001/BIN,"(-28,30),(-28.5,29)",29
137,2012-08-11 17:49:45.714686,1,3,Part1.tif126114.BIN,/home/maggie/GISdata/SA National land cover 2001/BIN,"(-28,31),(-28.5,30)",31
138,2012-08-11 17:49:45.725184,1,3,Part1.tif127115.BIN,/home/maggie/GISdata/SA National land cover 2001/BIN,"(-28,32),(-28.5,31)",31
139,2012-08-11 17:49:45.735561,1,3,Part1.tif128116.BIN,/home/maggie/GISdata/SA National land cover 2001/BIN,"(-28,33),(-28.5,32)",33
140,2012-08-11 17:49:45.74558,1,3,Part1.tif130117.BIN,/home/maggie/GISdata/SA National land cover 2001/BIN,"(-28.5,25),(-29,24)",25
141,2012-08-11 17:49:45.756016,1,3,Part1.tif131118.BIN,/home/maggie/GISdata/SA National land cover 2001/BIN,"(-28.5,26),(-29,25)",25
142,2012-08-11 17:49:45.766194,1,3,Part1.tif132119.BIN,/home/maggie/GISdata/SA National land cover 2001/BIN,"(-28.5,27),(-29,26)",27
143,2012-08-11 17:49:45.776345,1,3,Part1.tif133120.BIN,/home/maggie/GISdata/SA National land cover 2001/BIN,"(-28.5,28),(-29,27)",27
144,2012-08-11 17:49:45.786756,1,3,Part1.tif134121.BIN,/home/maggie/GISdata/SA National land cover 2001/BIN,"(-28.5,29),(-29,28)",29
145,2012-08-11 17:49:45.797044,1,3,Part1.tif135122.BIN,/home/maggie/GISdata/SA National land cover 2001/BIN,"(-28.5,30),(-29,29)",29
146,2012-08-11 17:49:45.807312,1,3,Part1.tif136123.BIN,/home/maggie/GISdata/SA National land cover 2001/BIN,"(-28.5,31),(-29,30)",31
147,2012-08-11 17:49:45.817647,1,3,Part1.tif137124.BIN,/home/maggie/GISdata/SA National land cover 2001/BIN,"(-28.5,32),(-29,31)",31
148,2012-08-11 17:49:45.827948,1,3,Part1.tif138125.BIN,/home/maggie/GISdata/SA National land cover 2001/BIN,"(-28.5,33),(-29,32)",33
149,2012-08-11 17:49:45.838215,1,3,Part1.tif140126.BIN,/home/maggie/GISdata/SA National land cover 2001/BIN,"(-29,25),(-29.5,24)",25
150,2012-08-11 17:49:45.848358,1,3,Part1.tif141127.BIN,/home/maggie/GISdata/SA National land cover 2001/BIN,"(-29,26),(-29.5,25)",25
151,2012-08-11 17:49:45.858783,1,3,Part1.tif142128.BIN,/home/maggie/GISdata/SA National land cover 2001/BIN,"(-29,27),(-29.5,26)",27
152,2012-08-11 17:49:45.869079,1,3,Part1.tif143129.BIN,/home/maggie/GISdata/SA National land cover 2001/BIN,"(-29,28),(-29.5,27)",27
153,2012-08-11 17:49:45.879351,1,3,Part1.tif144130.BIN,/home/maggie/GISdata/SA National land cover 2001/BIN,"(-29,29),(-29.5,28)",29
154,2012-08-11 17:49:45.889634,1,3,Part1.tif145131.BIN,/home/maggie/GISdata/SA National land cover 2001/BIN,"(-29,30),(-29.5,29)",29
155,2012-08-11 17:49:45.899938,1,3,Part1.tif146132.BIN,/home/maggie/GISdata/SA National land cover 2001/BIN,"(-29,31),(-29.5,30)",31
156,2012-08-11 17:49:45.910243,1,3,Part1.tif147133.BIN,/home/maggie/GISdata/SA National land cover 2001/BIN,"(-29,32),(-29.5,31)",31
157,2012-08-11 17:49:45.920491,1,3,Part1.tif148134.BIN,/home/maggie/GISdata/SA National land cover 2001/BIN,"(-29,33),(-29.5,32)",33
158,2012-08-11 17:49:45.930484,1,3,Part1.tif150135.BIN,/home/maggie/GISdata/SA National land cover 2001/BIN,"(-29.5,25),(-30,24)",25
159,2012-08-11 17:49:45.940926,1,3,Part1.tif151136.BIN,/home/maggie/GISdata/SA National land cover 2001/BIN,"(-29.5,26),(-30,25)",25
160,2012-08-11 17:49:45.951233,1,3,Part1.tif152137.BIN,/home/maggie/GISdata/SA National land cover 2001/BIN,"(-29.5,27),(-30,26)",27
161,2012-08-11 17:49:45.961541,1,3,Part1.tif153138.BIN,/home/maggie/GISdata/SA National land cover 2001/BIN,"(-29.5,28),(-30,27)",27
162,2012-08-11 17:49:45.971906,1,3,Part1.tif154139.BIN,/home/maggie/GISdata/SA National land cover 2001/BIN,"(-29.5,29),(-30,28)",29
163,2012-08-11 17:49:45.982106,1,3,Part1.tif155140.BIN,/home/maggie/GISdata/SA National land cover 2001/BIN,"(-29.5,30),(-30,29)",29
164,2012-08-11 17:49:45.992343,1,3,Part1.tif156141.BIN,/home/maggie/GISdata/SA National land cover 2001/BIN,"(-29.5,31),(-30,30)",31
165,2012-08-11 17:49:46.00271,1,3,Part1.tif157142.BIN,/home/maggie/GISdata/SA National land cover 2001/BIN,"(-29.5,32),(-30,31)",31
166,2012-08-11 17:49:46.012855,1,3,Part1.tif158143.BIN,/home/maggie/GISdata/SA National land cover 2001/BIN,"(-29.5,33),(-30,32)",33
167,2012-08-11 17:49:46.023103,1,3,Part1.tif160144.BIN,/home/maggie/GISdata/SA National land cover 2001/BIN,"(-30,25),(-30.5,24)",25
168,2012-08-11 17:49:46.03349,1,3,Part1.tif161145.BIN,/home/maggie/GISdata/SA National land cover 2001/BIN,"(-30,26),(-30.5,25)",25
169,2012-08-11 17:49:46.043856,1,3,Part1.tif162146.BIN,/home/maggie/GISdata/SA National land cover 2001/BIN,"(-30,27),(-30.5,26)",27
170,2012-08-11 17:49:46.053961,1,3,Part1.tif163147.BIN,/home/maggie/GISdata/SA National land cover 2001/BIN,"(-30,28),(-30.5,27)",27
171,2012-08-11 17:49:46.064258,1,3,Part1.tif164148.BIN,/home/maggie/GISdata/SA National land cover 2001/BIN,"(-30,29),(-30.5,28)",29
172,2012-08-11 17:49:46.074537,1,3,Part1.tif165149.BIN,/home/maggie/GISdata/SA National land cover 2001/BIN,"(-30,30),(-30.5,29)",29
173,2012-08-11 17:49:46.084918,1,3,Part1.tif166150.BIN,/home/maggie/GISdata/SA National land cover 2001/BIN,"(-30,31),(-30.5,30)",31
174,2012-08-11 17:49:46.09508,1,3,Part1.tif167151.BIN,/home/maggie/GISdata/SA National land cover 2001/BIN,"(-30,32),(-30.5,31)",31
175,2012-08-11 17:49:46.105491,1,3,Part1.tif168152.BIN,/home/maggie/GISdata/SA National land cover 2001/BIN,"(-30,33),(-30.5,32)",33
176,2012-08-11 17:49:46.115706,1,3,Part1.tif170153.BIN,/home/maggie/GISdata/SA National land cover 2001/BIN,"(-30.5,25),(-31,24)",25
177,2012-08-11 17:49:46.125953,1,3,Part1.tif171154.BIN,/home/maggie/GISdata/SA National land cover 2001/BIN,"(-30.5,26),(-31,25)",25
178,2012-08-11 17:49:46.136291,1,3,Part1.tif172155.BIN,/home/maggie/GISdata/SA National land cover 2001/BIN,"(-30.5,27),(-31,26)",27
179,2012-08-11 17:49:46.146561,1,3,Part1.tif173156.BIN,/home/maggie/GISdata/SA National land cover 2001/BIN,"(-30.5,28),(-31,27)",27
180,2012-08-11 17:49:46.15689,1,3,Part1.tif174157.BIN,/home/maggie/GISdata/SA National land cover 2001/BIN,"(-30.5,29),(-31,28)",29
181,2012-08-11 17:49:46.167241,1,3,Part1.tif175158.BIN,/home/maggie/GISdata/SA National land cover 2001/BIN,"(-30.5,30),(-31,29)",29
182,2012-08-11 17:49:46.177271,1,3,Part1.tif176159.BIN,/home/maggie/GISdata/SA National land cover 2001/BIN,"(-30.5,31),(-31,30)",31
183,2012-08-11 17:49:46.187767,1,3,Part1.tif177160.BIN,/home/maggie/GISdata/SA National land cover 2001/BIN,"(-30.5,32),(-31,31)",31
184,2012-08-11 17:49:46.198005,1,3,Part1.tif178161.BIN,/home/maggie/GISdata/SA National land cover 2001/BIN,"(-30.5,33),(-31,32)",33
185,2012-08-11 17:49:46.208325,1,3,Part1.tif180162.BIN,/home/maggie/GISdata/SA National land cover 2001/BIN,"(-31,25),(-31.5,24)",25
186,2012-08-11 17:49:46.218529,1,3,Part1.tif181163.BIN,/home/maggie/GISdata/SA National land cover 2001/BIN,"(-31,26),(-31.5,25)",25
187,2012-08-11 17:49:46.228816,1,3,Part1.tif182164.BIN,/home/maggie/GISdata/SA National land cover 2001/BIN,"(-31,27),(-31.5,26)",27
188,2012-08-11 17:49:46.239047,1,3,Part1.tif183165.BIN,/home/maggie/GISdata/SA National land cover 2001/BIN,"(-31,28),(-31.5,27)",27
189,2012-08-11 17:49:46.249392,1,3,Part1.tif184166.BIN,/home/maggie/GISdata/SA National land cover 2001/BIN,"(-31,29),(-31.5,28)",29
190,2012-08-11 17:49:46.259593,1,3,Part1.tif185167.BIN,/home/maggie/GISdata/SA National land cover 2001/BIN,"(-31,30),(-31.5,29)",29
191,2012-08-11 17:49:46.269892,1,3,Part1.tif186168.BIN,/home/maggie/GISdata/SA National land cover 2001/BIN,"(-31,31),(-31.5,30)",31
192,2012-08-11 17:49:46.280214,1,3,Part1.tif187169.BIN,/home/maggie/GISdata/SA National land cover 2001/BIN,"(-31,32),(-31.5,31)",31
193,2012-08-11 17:49:46.29046,1,3,Part1.tif188170.BIN,/home/maggie/GISdata/SA National land cover 2001/BIN,"(-31,33),(-31.5,32)",33
194,2012-08-11 17:49:46.300697,1,3,Part1.tif190171.BIN,/home/maggie/GISdata/SA National land cover 2001/BIN,"(-31.5,25),(-32,24)",25
195,2012-08-11 17:49:46.311023,1,3,Part1.tif191172.BIN,/home/maggie/GISdata/SA National land cover 2001/BIN,"(-31.5,26),(-32,25)",25
196,2012-08-11 17:49:46.321194,1,3,Part1.tif192173.BIN,/home/maggie/GISdata/SA National land cover 2001/BIN,"(-31.5,27),(-32,26)",27
197,2012-08-11 17:49:46.331721,1,3,Part1.tif193174.BIN,/home/maggie/GISdata/SA National land cover 2001/BIN,"(-31.5,28),(-32,27)",27
198,2012-08-11 17:49:46.342022,1,3,Part1.tif194175.BIN,/home/maggie/GISdata/SA National land cover 2001/BIN,"(-31.5,29),(-32,28)",29
199,2012-08-11 17:49:46.352274,1,3,Part1.tif195176.BIN,/home/maggie/GISdata/SA National land cover 2001/BIN,"(-31.5,30),(-32,29)",29
200,2012-08-11 17:49:46.36254,1,3,Part1.tif196177.BIN,/home/maggie/GISdata/SA National land cover 2001/BIN,"(-31.5,31),(-32,30)",31
201,2012-08-11 17:49:46.37285,1,3,Part1.tif197178.BIN,/home/maggie/GISdata/SA National land cover 2001/BIN,"(-31.5,32),(-32,31)",31
202,2012-08-11 17:49:46.38306,1,3,Part1.tif198179.BIN,/home/maggie/GISdata/SA National land cover 2001/BIN,"(-31.5,33),(-32,32)",33
203,2012-08-11 17:49:46.393248,1,3,Part1.tif200180.BIN,/home/maggie/GISdata/SA National land cover 2001/BIN,"(-32,25),(-32.5,24)",25
204,2012-08-11 17:49:46.403705,1,3,Part1.tif201181.BIN,/home/maggie/GISdata/SA National land cover 2001/BIN,"(-32,26),(-32.5,25)",25
205,2012-08-11 17:49:46.413951,1,3,Part1.tif202182.BIN,/home/maggie/GISdata/SA National land cover 2001/BIN,"(-32,27),(-32.5,26)",27
206,2012-08-11 17:49:46.424222,1,3,Part1.tif203183.BIN,/home/maggie/GISdata/SA National land cover 2001/BIN,"(-32,28),(-32.5,27)",27
207,2012-08-11 17:49:46.434456,1,3,Part1.tif204184.BIN,/home/maggie/GISdata/SA National land cover 2001/BIN,"(-32,29),(-32.5,28)",29
208,2012-08-11 17:49:46.46746,1,3,Part1.tif205185.BIN,/home/maggie/GISdata/SA National land cover 2001/BIN,"(-32,30),(-32.5,29)",29
209,2012-08-11 17:49:46.59889,1,3,Part1.tif206186.BIN,/home/maggie/GISdata/SA National land cover 2001/BIN,"(-32,31),(-32.5,30)",31
210,2012-08-11 17:49:46.732567,1,3,Part1.tif207187.BIN,/home/maggie/GISdata/SA National land cover 2001/BIN,"(-32,32),(-32.5,31)",31
211,2012-08-11 17:49:46.742718,1,3,Part1.tif208188.BIN,/home/maggie/GISdata/SA National land cover 2001/BIN,"(-32,33),(-32.5,32)",33
212,2012-08-11 17:49:46.752986,1,3,Part1.tif210189.BIN,/home/maggie/GISdata/SA National land cover 2001/BIN,"(-32.5,25),(-33,24)",25
213,2012-08-11 17:49:46.76332,1,3,Part1.tif211190.BIN,/home/maggie/GISdata/SA National land cover 2001/BIN,"(-32.5,26),(-33,25)",25
214,2012-08-11 17:49:46.773575,1,3,Part1.tif212191.BIN,/home/maggie/GISdata/SA National land cover 2001/BIN,"(-32.5,27),(-33,26)",27
215,2012-08-11 17:49:46.783955,1,3,Part1.tif213192.BIN,/home/maggie/GISdata/SA National land cover 2001/BIN,"(-32.5,28),(-33,27)",27
216,2012-08-11 17:49:46.794005,1,3,Part1.tif214193.BIN,/home/maggie/GISdata/SA National land cover 2001/BIN,"(-32.5,29),(-33,28)",29
217,2012-08-11 17:49:46.804543,1,3,Part1.tif215194.BIN,/home/maggie/GISdata/SA National land cover 2001/BIN,"(-32.5,30),(-33,29)",29
218,2012-08-11 17:49:46.814533,1,3,Part1.tif216195.BIN,/home/maggie/GISdata/SA National land cover 2001/BIN,"(-32.5,31),(-33,30)",31
219,2012-08-11 17:49:46.824817,1,3,Part1.tif217196.BIN,/home/maggie/GISdata/SA National land cover 2001/BIN,"(-32.5,32),(-33,31)",31
220,2012-08-11 17:49:46.83532,1,3,Part1.tif218197.BIN,/home/maggie/GISdata/SA National land cover 2001/BIN,"(-32.5,33),(-33,32)",33
221,2012-08-11 17:49:46.845511,1,3,Part1.tif220198.BIN,/home/maggie/GISdata/SA National land cover 2001/BIN,"(-33,25),(-33.5,24)",25
222,2012-08-11 17:49:46.855949,1,3,Part1.tif221199.BIN,/home/maggie/GISdata/SA National land cover 2001/BIN,"(-33,26),(-33.5,25)",25
223,2012-08-11 17:49:46.866224,1,3,Part1.tif222200.BIN,/home/maggie/GISdata/SA National land cover 2001/BIN,"(-33,27),(-33.5,26)",27
224,2012-08-11 17:49:46.876378,1,3,Part1.tif223201.BIN,/home/maggie/GISdata/SA National land cover 2001/BIN,"(-33,28),(-33.5,27)",27
225,2012-08-11 17:49:46.886504,1,3,Part1.tif224202.BIN,/home/maggie/GISdata/SA National land cover 2001/BIN,"(-33,29),(-33.5,28)",29
226,2012-08-11 17:49:46.896764,1,3,Part1.tif225203.BIN,/home/maggie/GISdata/SA National land cover 2001/BIN,"(-33,30),(-33.5,29)",29
227,2012-08-11 17:49:46.907068,1,3,Part1.tif226204.BIN,/home/maggie/GISdata/SA National land cover 2001/BIN,"(-33,31),(-33.5,30)",31
228,2012-08-11 17:49:46.917468,1,3,Part1.tif227205.BIN,/home/maggie/GISdata/SA National land cover 2001/BIN,"(-33,32),(-33.5,31)",31
229,2012-08-11 17:49:46.927857,1,3,Part1.tif228206.BIN,/home/maggie/GISdata/SA National land cover 2001/BIN,"(-33,33),(-33.5,32)",33
230,2012-08-11 17:49:46.937892,1,3,Part1.tif230207.BIN,/home/maggie/GISdata/SA National land cover 2001/BIN,"(-33.5,25),(-34,24)",25
231,2012-08-11 17:49:46.948211,1,3,Part1.tif231208.BIN,/home/maggie/GISdata/SA National land cover 2001/BIN,"(-33.5,26),(-34,25)",25
232,2012-08-11 17:49:46.958526,1,3,Part1.tif232209.BIN,/home/maggie/GISdata/SA National land cover 2001/BIN,"(-33.5,27),(-34,26)",27
233,2012-08-11 17:49:46.968914,1,3,Part1.tif233210.BIN,/home/maggie/GISdata/SA National land cover 2001/BIN,"(-33.5,28),(-34,27)",27
234,2012-08-11 17:49:46.979192,1,3,Part1.tif234211.BIN,/home/maggie/GISdata/SA National land cover 2001/BIN,"(-33.5,29),(-34,28)",29
235,2012-08-11 17:49:46.989583,1,3,Part1.tif235212.BIN,/home/maggie/GISdata/SA National land cover 2001/BIN,"(-33.5,30),(-34,29)",29
236,2012-08-11 17:49:46.999736,1,3,Part1.tif236213.BIN,/home/maggie/GISdata/SA National land cover 2001/BIN,"(-33.5,31),(-34,30)",31
237,2012-08-11 17:49:47.009821,1,3,Part1.tif237214.BIN,/home/maggie/GISdata/SA National land cover 2001/BIN,"(-33.5,32),(-34,31)",31
238,2012-08-11 17:49:47.020338,1,3,Part1.tif238215.BIN,/home/maggie/GISdata/SA National land cover 2001/BIN,"(-33.5,33),(-34,32)",33
239,2012-08-11 17:49:47.030335,1,3,Part1.tif240216.BIN,/home/maggie/GISdata/SA National land cover 2001/BIN,"(-34,25),(-34.5,24)",25
240,2012-08-11 17:49:47.040643,1,3,Part1.tif241217.BIN,/home/maggie/GISdata/SA National land cover 2001/BIN,"(-34,26),(-34.5,25)",25
241,2012-08-11 17:49:47.051239,1,3,Part1.tif242218.BIN,/home/maggie/GISdata/SA National land cover 2001/BIN,"(-34,27),(-34.5,26)",27
242,2012-08-11 17:49:47.061357,1,3,Part1.tif243219.BIN,/home/maggie/GISdata/SA National land cover 2001/BIN,"(-34,28),(-34.5,27)",27
243,2012-08-11 17:49:47.071623,1,3,Part1.tif244220.BIN,/home/maggie/GISdata/SA National land cover 2001/BIN,"(-34,29),(-34.5,28)",29
244,2012-08-11 17:49:47.081909,1,3,Part1.tif245221.BIN,/home/maggie/GISdata/SA National land cover 2001/BIN,"(-34,30),(-34.5,29)",29
245,2012-08-11 17:49:47.092016,1,3,Part1.tif246222.BIN,/home/maggie/GISdata/SA National land cover 2001/BIN,"(-34,31),(-34.5,30)",31
246,2012-08-11 17:49:47.102295,1,3,Part1.tif247223.BIN,/home/maggie/GISdata/SA National land cover 2001/BIN,"(-34,32),(-34.5,31)",31
247,2012-08-11 17:49:47.112825,1,3,Part1.tif248224.BIN,/home/maggie/GISdata/SA National land cover 2001/BIN,"(-34,33),(-34.5,32)",33
260,2012-08-15 21:55:11.223361,1,6,srtm_40_17.asc000.BIN,/home/maggie/GISdata/SRTM/BIN,"(-20,16),(-21,15)",15
261,2012-08-15 21:55:11.241256,1,6,srtm_40_17.asc011.BIN,/home/maggie/GISdata/SRTM/BIN,"(-20,17),(-21,16)",17
262,2012-08-15 21:55:11.261603,1,6,srtm_40_17.asc022.BIN,/home/maggie/GISdata/SRTM/BIN,"(-20,18),(-21,17)",17
263,2012-08-15 21:55:11.271759,1,6,srtm_40_17.asc033.BIN,/home/maggie/GISdata/SRTM/BIN,"(-20,19),(-21,18)",19
264,2012-08-15 21:55:11.282125,1,6,srtm_40_17.asc044.BIN,/home/maggie/GISdata/SRTM/BIN,"(-20,20),(-21,19)",19
265,2012-08-15 21:55:11.292343,1,6,srtm_40_17.asc055.BIN,/home/maggie/GISdata/SRTM/BIN,"(-20,21),(-21,20)",21
266,2012-08-15 21:55:11.302743,1,6,srtm_40_17.asc106.BIN,/home/maggie/GISdata/SRTM/BIN,"(-21,16),(-22,15)",15
267,2012-08-15 21:55:11.312978,1,6,srtm_40_17.asc117.BIN,/home/maggie/GISdata/SRTM/BIN,"(-21,17),(-22,16)",17
268,2012-08-15 21:55:11.323225,1,6,srtm_40_17.asc128.BIN,/home/maggie/GISdata/SRTM/BIN,"(-21,18),(-22,17)",17
269,2012-08-15 21:55:11.333582,1,6,srtm_40_17.asc139.BIN,/home/maggie/GISdata/SRTM/BIN,"(-21,19),(-22,18)",19
270,2012-08-15 21:55:11.34377,1,6,srtm_40_17.asc1410.BIN,/home/maggie/GISdata/SRTM/BIN,"(-21,20),(-22,19)",19
271,2012-08-15 21:55:11.354099,1,6,srtm_40_17.asc1511.BIN,/home/maggie/GISdata/SRTM/BIN,"(-21,21),(-22,20)",21
272,2012-08-15 21:55:11.364238,1,6,srtm_40_17.asc2012.BIN,/home/maggie/GISdata/SRTM/BIN,"(-22,16),(-23,15)",15
273,2012-08-15 21:55:11.374628,1,6,srtm_40_17.asc2113.BIN,/home/maggie/GISdata/SRTM/BIN,"(-22,17),(-23,16)",17
274,2012-08-15 21:55:11.38485,1,6,srtm_40_17.asc2214.BIN,/home/maggie/GISdata/SRTM/BIN,"(-22,18),(-23,17)",17
275,2012-08-15 21:55:11.395094,1,6,srtm_40_17.asc2315.BIN,/home/maggie/GISdata/SRTM/BIN,"(-22,19),(-23,18)",19
276,2012-08-15 21:55:11.40536,1,6,srtm_40_17.asc2416.BIN,/home/maggie/GISdata/SRTM/BIN,"(-22,20),(-23,19)",19
277,2012-08-15 21:55:11.415657,1,6,srtm_40_17.asc2517.BIN,/home/maggie/GISdata/SRTM/BIN,"(-22,21),(-23,20)",21
278,2012-08-15 21:55:11.425969,1,6,srtm_40_17.asc3018.BIN,/home/maggie/GISdata/SRTM/BIN,"(-23,16),(-24,15)",15
279,2012-08-15 21:55:11.436152,1,6,srtm_40_17.asc3119.BIN,/home/maggie/GISdata/SRTM/BIN,"(-23,17),(-24,16)",17
280,2012-08-15 21:55:11.446485,1,6,srtm_40_17.asc3220.BIN,/home/maggie/GISdata/SRTM/BIN,"(-23,18),(-24,17)",17
281,2012-08-15 21:55:11.456887,1,6,srtm_40_17.asc3321.BIN,/home/maggie/GISdata/SRTM/BIN,"(-23,19),(-24,18)",19
282,2012-08-15 21:55:11.466995,1,6,srtm_40_17.asc3422.BIN,/home/maggie/GISdata/SRTM/BIN,"(-23,20),(-24,19)",19
283,2012-08-15 21:55:11.477308,1,6,srtm_40_17.asc3523.BIN,/home/maggie/GISdata/SRTM/BIN,"(-23,21),(-24,20)",21
284,2012-08-15 21:55:11.487728,1,6,srtm_40_17.asc4024.BIN,/home/maggie/GISdata/SRTM/BIN,"(-24,16),(-25,15)",15
285,2012-08-15 21:55:11.49783,1,6,srtm_40_17.asc4125.BIN,/home/maggie/GISdata/SRTM/BIN,"(-24,17),(-25,16)",17
286,2012-08-15 21:55:11.508203,1,6,srtm_40_17.asc4226.BIN,/home/maggie/GISdata/SRTM/BIN,"(-24,18),(-25,17)",17
287,2012-08-15 21:55:11.518548,1,6,srtm_40_17.asc4327.BIN,/home/maggie/GISdata/SRTM/BIN,"(-24,19),(-25,18)",19
288,2012-08-15 21:55:11.528825,1,6,srtm_40_17.asc4428.BIN,/home/maggie/GISdata/SRTM/BIN,"(-24,20),(-25,19)",19
289,2012-08-15 21:55:11.539057,1,6,srtm_40_17.asc4529.BIN,/home/maggie/GISdata/SRTM/BIN,"(-24,21),(-25,20)",21
290,2012-08-15 21:55:11.549363,1,6,srtm_40_17.asc5030.BIN,/home/maggie/GISdata/SRTM/BIN,"(-25,16),(-26,15)",15
291,2012-08-15 21:55:11.559741,1,6,srtm_40_17.asc5131.BIN,/home/maggie/GISdata/SRTM/BIN,"(-25,17),(-26,16)",17
292,2012-08-15 21:55:11.569951,1,6,srtm_40_17.asc5232.BIN,/home/maggie/GISdata/SRTM/BIN,"(-25,18),(-26,17)",17
293,2012-08-15 21:55:11.580123,1,6,srtm_40_17.asc5333.BIN,/home/maggie/GISdata/SRTM/BIN,"(-25,19),(-26,18)",19
294,2012-08-15 21:55:11.590543,1,6,srtm_40_17.asc5434.BIN,/home/maggie/GISdata/SRTM/BIN,"(-25,20),(-26,19)",19
295,2012-08-15 21:55:11.600756,1,6,srtm_40_17.asc5535.BIN,/home/maggie/GISdata/SRTM/BIN,"(-25,21),(-26,20)",21
296,2012-08-15 21:56:10.489395,1,6,srtm_41_17.asc0636.BIN,/home/maggie/GISdata/SRTM/BIN,"(-20,22),(-21,21)",21
297,2012-08-15 21:56:10.498517,1,6,srtm_41_17.asc0737.BIN,/home/maggie/GISdata/SRTM/BIN,"(-20,23),(-21,22)",23
298,2012-08-15 21:56:10.508709,1,6,srtm_41_17.asc0838.BIN,/home/maggie/GISdata/SRTM/BIN,"(-20,24),(-21,23)",23
299,2012-08-15 21:56:10.519011,1,6,srtm_41_17.asc0939.BIN,/home/maggie/GISdata/SRTM/BIN,"(-20,25),(-21,24)",25
300,2012-08-15 21:56:10.529297,1,6,srtm_41_17.asc01040.BIN,/home/maggie/GISdata/SRTM/BIN,"(-20,26),(-21,25)",25
301,2012-08-15 21:56:10.539531,1,6,srtm_41_17.asc1641.BIN,/home/maggie/GISdata/SRTM/BIN,"(-21,22),(-22,21)",21
302,2012-08-15 21:56:10.549849,1,6,srtm_41_17.asc1742.BIN,/home/maggie/GISdata/SRTM/BIN,"(-21,23),(-22,22)",23
303,2012-08-15 21:56:10.559993,1,6,srtm_41_17.asc1843.BIN,/home/maggie/GISdata/SRTM/BIN,"(-21,24),(-22,23)",23
304,2012-08-15 21:56:10.570258,1,6,srtm_41_17.asc1944.BIN,/home/maggie/GISdata/SRTM/BIN,"(-21,25),(-22,24)",25
305,2012-08-15 21:56:10.580699,1,6,srtm_41_17.asc11045.BIN,/home/maggie/GISdata/SRTM/BIN,"(-21,26),(-22,25)",25
306,2012-08-15 21:56:10.591,1,6,srtm_41_17.asc2646.BIN,/home/maggie/GISdata/SRTM/BIN,"(-22,22),(-23,21)",21
307,2012-08-15 21:56:10.60115,1,6,srtm_41_17.asc2747.BIN,/home/maggie/GISdata/SRTM/BIN,"(-22,23),(-23,22)",23
308,2012-08-15 21:56:10.611472,1,6,srtm_41_17.asc2848.BIN,/home/maggie/GISdata/SRTM/BIN,"(-22,24),(-23,23)",23
309,2012-08-15 21:56:10.621691,1,6,srtm_41_17.asc2949.BIN,/home/maggie/GISdata/SRTM/BIN,"(-22,25),(-23,24)",25
310,2012-08-15 21:56:10.632092,1,6,srtm_41_17.asc21050.BIN,/home/maggie/GISdata/SRTM/BIN,"(-22,26),(-23,25)",25
311,2012-08-15 21:56:10.642469,1,6,srtm_41_17.asc3651.BIN,/home/maggie/GISdata/SRTM/BIN,"(-23,22),(-24,21)",21
312,2012-08-15 21:56:10.652508,1,6,srtm_41_17.asc3752.BIN,/home/maggie/GISdata/SRTM/BIN,"(-23,23),(-24,22)",23
313,2012-08-15 21:56:10.662964,1,6,srtm_41_17.asc3853.BIN,/home/maggie/GISdata/SRTM/BIN,"(-23,24),(-24,23)",23
314,2012-08-15 21:56:10.673114,1,6,srtm_41_17.asc3954.BIN,/home/maggie/GISdata/SRTM/BIN,"(-23,25),(-24,24)",25
315,2012-08-15 21:56:10.683236,1,6,srtm_41_17.asc31055.BIN,/home/maggie/GISdata/SRTM/BIN,"(-23,26),(-24,25)",25
316,2012-08-15 21:56:10.69357,1,6,srtm_41_17.asc4656.BIN,/home/maggie/GISdata/SRTM/BIN,"(-24,22),(-25,21)",21
317,2012-08-15 21:56:10.704031,1,6,srtm_41_17.asc4757.BIN,/home/maggie/GISdata/SRTM/BIN,"(-24,23),(-25,22)",23
318,2012-08-15 21:56:10.714301,1,6,srtm_41_17.asc4858.BIN,/home/maggie/GISdata/SRTM/BIN,"(-24,24),(-25,23)",23
319,2012-08-15 21:56:10.72463,1,6,srtm_41_17.asc4959.BIN,/home/maggie/GISdata/SRTM/BIN,"(-24,25),(-25,24)",25
320,2012-08-15 21:56:10.734925,1,6,srtm_41_17.asc41060.BIN,/home/maggie/GISdata/SRTM/BIN,"(-24,26),(-25,25)",25
321,2012-08-15 21:56:10.74513,1,6,srtm_41_17.asc5661.BIN,/home/maggie/GISdata/SRTM/BIN,"(-25,22),(-26,21)",21
322,2012-08-15 21:56:10.755399,1,6,srtm_41_17.asc5762.BIN,/home/maggie/GISdata/SRTM/BIN,"(-25,23),(-26,22)",23
323,2012-08-15 21:56:10.765664,1,6,srtm_41_17.asc5863.BIN,/home/maggie/GISdata/SRTM/BIN,"(-25,24),(-26,23)",23
324,2012-08-15 21:56:10.775963,1,6,srtm_41_17.asc5964.BIN,/home/maggie/GISdata/SRTM/BIN,"(-25,25),(-26,24)",25
325,2012-08-15 21:56:10.786292,1,6,srtm_41_17.asc51065.BIN,/home/maggie/GISdata/SRTM/BIN,"(-25,26),(-26,25)",25
326,2012-08-15 21:57:11.839512,1,6,srtm_42_17.asc01166.BIN,/home/maggie/GISdata/SRTM/BIN,"(-20,27),(-21,26)",27
327,2012-08-15 21:57:11.86282,1,6,srtm_42_17.asc01267.BIN,/home/maggie/GISdata/SRTM/BIN,"(-20,28),(-21,27)",27
328,2012-08-15 21:57:11.872914,1,6,srtm_42_17.asc01368.BIN,/home/maggie/GISdata/SRTM/BIN,"(-20,29),(-21,28)",29
329,2012-08-15 21:57:11.883179,1,6,srtm_42_17.asc01469.BIN,/home/maggie/GISdata/SRTM/BIN,"(-20,30),(-21,29)",29
330,2012-08-15 21:57:11.893377,1,6,srtm_42_17.asc01570.BIN,/home/maggie/GISdata/SRTM/BIN,"(-20,31),(-21,30)",31
331,2012-08-15 21:57:11.903724,1,6,srtm_42_17.asc11171.BIN,/home/maggie/GISdata/SRTM/BIN,"(-21,27),(-22,26)",27
332,2012-08-15 21:57:11.914009,1,6,srtm_42_17.asc11272.BIN,/home/maggie/GISdata/SRTM/BIN,"(-21,28),(-22,27)",27
333,2012-08-15 21:57:11.924242,1,6,srtm_42_17.asc11373.BIN,/home/maggie/GISdata/SRTM/BIN,"(-21,29),(-22,28)",29
334,2012-08-15 21:57:11.934454,1,6,srtm_42_17.asc11474.BIN,/home/maggie/GISdata/SRTM/BIN,"(-21,30),(-22,29)",29
335,2012-08-15 21:57:11.944806,1,6,srtm_42_17.asc11575.BIN,/home/maggie/GISdata/SRTM/BIN,"(-21,31),(-22,30)",31
336,2012-08-15 21:57:11.955074,1,6,srtm_42_17.asc21176.BIN,/home/maggie/GISdata/SRTM/BIN,"(-22,27),(-23,26)",27
337,2012-08-15 21:57:11.965279,1,6,srtm_42_17.asc21277.BIN,/home/maggie/GISdata/SRTM/BIN,"(-22,28),(-23,27)",27
338,2012-08-15 21:57:11.975476,1,6,srtm_42_17.asc21378.BIN,/home/maggie/GISdata/SRTM/BIN,"(-22,29),(-23,28)",29
339,2012-08-15 21:57:11.985894,1,6,srtm_42_17.asc21479.BIN,/home/maggie/GISdata/SRTM/BIN,"(-22,30),(-23,29)",29
340,2012-08-15 21:57:11.996049,1,6,srtm_42_17.asc21580.BIN,/home/maggie/GISdata/SRTM/BIN,"(-22,31),(-23,30)",31
341,2012-08-15 21:57:12.006258,1,6,srtm_42_17.asc31181.BIN,/home/maggie/GISdata/SRTM/BIN,"(-23,27),(-24,26)",27
342,2012-08-15 21:57:12.016666,1,6,srtm_42_17.asc31282.BIN,/home/maggie/GISdata/SRTM/BIN,"(-23,28),(-24,27)",27
343,2012-08-15 21:57:12.026941,1,6,srtm_42_17.asc31383.BIN,/home/maggie/GISdata/SRTM/BIN,"(-23,29),(-24,28)",29
344,2012-08-15 21:57:12.037289,1,6,srtm_42_17.asc31484.BIN,/home/maggie/GISdata/SRTM/BIN,"(-23,30),(-24,29)",29
345,2012-08-15 21:57:12.047692,1,6,srtm_42_17.asc31585.BIN,/home/maggie/GISdata/SRTM/BIN,"(-23,31),(-24,30)",31
346,2012-08-15 21:57:12.057883,1,6,srtm_42_17.asc41186.BIN,/home/maggie/GISdata/SRTM/BIN,"(-24,27),(-25,26)",27
347,2012-08-15 21:57:12.068306,1,6,srtm_42_17.asc41287.BIN,/home/maggie/GISdata/SRTM/BIN,"(-24,28),(-25,27)",27
348,2012-08-15 21:57:12.078496,1,6,srtm_42_17.asc41388.BIN,/home/maggie/GISdata/SRTM/BIN,"(-24,29),(-25,28)",29
349,2012-08-15 21:57:12.088523,1,6,srtm_42_17.asc41489.BIN,/home/maggie/GISdata/SRTM/BIN,"(-24,30),(-25,29)",29
350,2012-08-15 21:57:12.099076,1,6,srtm_42_17.asc41590.BIN,/home/maggie/GISdata/SRTM/BIN,"(-24,31),(-25,30)",31
351,2012-08-15 21:57:12.127943,1,6,srtm_42_17.asc51191.BIN,/home/maggie/GISdata/SRTM/BIN,"(-25,27),(-26,26)",27
352,2012-08-15 21:57:12.160795,1,6,srtm_42_17.asc51292.BIN,/home/maggie/GISdata/SRTM/BIN,"(-25,28),(-26,27)",27
353,2012-08-15 21:57:12.171006,1,6,srtm_42_17.asc51393.BIN,/home/maggie/GISdata/SRTM/BIN,"(-25,29),(-26,28)",29
354,2012-08-15 21:57:12.181157,1,6,srtm_42_17.asc51494.BIN,/home/maggie/GISdata/SRTM/BIN,"(-25,30),(-26,29)",29
355,2012-08-15 21:57:12.191648,1,6,srtm_42_17.asc51595.BIN,/home/maggie/GISdata/SRTM/BIN,"(-25,31),(-26,30)",31
356,2012-08-16 02:05:35.094507,1,6,srtm_43_17.asc01696.BIN,/home/maggie/GISdata/SRTM/BIN,"(-20,32),(-21,31)",31
357,2012-08-16 02:05:35.116393,1,6,srtm_43_17.asc01797.BIN,/home/maggie/GISdata/SRTM/BIN,"(-20,33),(-21,32)",33
358,2012-08-16 02:05:35.126713,1,6,srtm_43_17.asc01898.BIN,/home/maggie/GISdata/SRTM/BIN,"(-20,34),(-21,33)",33
359,2012-08-16 02:05:35.1368,1,6,srtm_43_17.asc01999.BIN,/home/maggie/GISdata/SRTM/BIN,"(-20,35),(-21,34)",35
360,2012-08-16 02:05:35.147127,1,6,srtm_43_17.asc020100.BIN,/home/maggie/GISdata/SRTM/BIN,"(-20,36),(-21,35)",35
361,2012-08-16 02:05:35.157537,1,6,srtm_43_17.asc116101.BIN,/home/maggie/GISdata/SRTM/BIN,"(-21,32),(-22,31)",31
362,2012-08-16 02:05:35.167729,1,6,srtm_43_17.asc117102.BIN,/home/maggie/GISdata/SRTM/BIN,"(-21,33),(-22,32)",33
363,2012-08-16 02:05:35.17808,1,6,srtm_43_17.asc118103.BIN,/home/maggie/GISdata/SRTM/BIN,"(-21,34),(-22,33)",33
364,2012-08-16 02:05:35.188445,1,6,srtm_43_17.asc119104.BIN,/home/maggie/GISdata/SRTM/BIN,"(-21,35),(-22,34)",35
365,2012-08-16 02:05:35.198636,1,6,srtm_43_17.asc120105.BIN,/home/maggie/GISdata/SRTM/BIN,"(-21,36),(-22,35)",35
366,2012-08-16 02:05:35.208883,1,6,srtm_43_17.asc216106.BIN,/home/maggie/GISdata/SRTM/BIN,"(-22,32),(-23,31)",31
367,2012-08-16 02:05:35.219226,1,6,srtm_43_17.asc217107.BIN,/home/maggie/GISdata/SRTM/BIN,"(-22,33),(-23,32)",33
368,2012-08-16 02:05:35.229437,1,6,srtm_43_17.asc218108.BIN,/home/maggie/GISdata/SRTM/BIN,"(-22,34),(-23,33)",33
369,2012-08-16 02:05:35.23971,1,6,srtm_43_17.asc219109.BIN,/home/maggie/GISdata/SRTM/BIN,"(-22,35),(-23,34)",35
370,2012-08-16 02:05:35.249964,1,6,srtm_43_17.asc220110.BIN,/home/maggie/GISdata/SRTM/BIN,"(-22,36),(-23,35)",35
371,2012-08-16 02:05:35.260276,1,6,srtm_43_17.asc316111.BIN,/home/maggie/GISdata/SRTM/BIN,"(-23,32),(-24,31)",31
372,2012-08-16 02:05:35.27055,1,6,srtm_43_17.asc317112.BIN,/home/maggie/GISdata/SRTM/BIN,"(-23,33),(-24,32)",33
373,2012-08-16 02:05:35.280871,1,6,srtm_43_17.asc318113.BIN,/home/maggie/GISdata/SRTM/BIN,"(-23,34),(-24,33)",33
374,2012-08-16 02:05:35.291097,1,6,srtm_43_17.asc319114.BIN,/home/maggie/GISdata/SRTM/BIN,"(-23,35),(-24,34)",35
375,2012-08-16 02:05:35.301276,1,6,srtm_43_17.asc320115.BIN,/home/maggie/GISdata/SRTM/BIN,"(-23,36),(-24,35)",35
376,2012-08-16 02:05:35.311634,1,6,srtm_43_17.asc416116.BIN,/home/maggie/GISdata/SRTM/BIN,"(-24,32),(-25,31)",31
377,2012-08-16 02:05:35.321919,1,6,srtm_43_17.asc417117.BIN,/home/maggie/GISdata/SRTM/BIN,"(-24,33),(-25,32)",33
378,2012-08-16 02:05:35.332171,1,6,srtm_43_17.asc418118.BIN,/home/maggie/GISdata/SRTM/BIN,"(-24,34),(-25,33)",33
379,2012-08-16 02:05:35.342486,1,6,srtm_43_17.asc419119.BIN,/home/maggie/GISdata/SRTM/BIN,"(-24,35),(-25,34)",35
380,2012-08-16 02:05:35.352728,1,6,srtm_43_17.asc420120.BIN,/home/maggie/GISdata/SRTM/BIN,"(-24,36),(-25,35)",35
381,2012-08-16 02:05:35.363076,1,6,srtm_43_17.asc516121.BIN,/home/maggie/GISdata/SRTM/BIN,"(-25,32),(-26,31)",31
382,2012-08-16 02:05:35.373473,1,6,srtm_43_17.asc517122.BIN,/home/maggie/GISdata/SRTM/BIN,"(-25,33),(-26,32)",33
383,2012-08-16 02:05:35.38365,1,6,srtm_43_17.asc518123.BIN,/home/maggie/GISdata/SRTM/BIN,"(-25,34),(-26,33)",33
384,2012-08-16 02:05:35.393899,1,6,srtm_43_17.asc519124.BIN,/home/maggie/GISdata/SRTM/BIN,"(-25,35),(-26,34)",35
385,2012-08-16 02:05:35.404323,1,6,srtm_43_17.asc520125.BIN,/home/maggie/GISdata/SRTM/BIN,"(-25,36),(-26,35)",35
386,2012-08-16 05:13:33.150944,1,6,srtm_40_18.asc60126.BIN,/home/maggie/GISdata/SRTM/BIN,"(-26,16),(-27,15)",15
387,2012-08-16 05:13:33.169667,1,6,srtm_40_18.asc61127.BIN,/home/maggie/GISdata/SRTM/BIN,"(-26,17),(-27,16)",17
388,2012-08-16 05:13:33.179945,1,6,srtm_40_18.asc62128.BIN,/home/maggie/GISdata/SRTM/BIN,"(-26,18),(-27,17)",17
389,2012-08-16 05:13:33.19014,1,6,srtm_40_18.asc63129.BIN,/home/maggie/GISdata/SRTM/BIN,"(-26,19),(-27,18)",19
390,2012-08-16 05:13:33.200464,1,6,srtm_40_18.asc64130.BIN,/home/maggie/GISdata/SRTM/BIN,"(-26,20),(-27,19)",19
391,2012-08-16 05:13:33.210857,1,6,srtm_40_18.asc65131.BIN,/home/maggie/GISdata/SRTM/BIN,"(-26,21),(-27,20)",21
392,2012-08-16 05:13:33.221207,1,6,srtm_40_18.asc70132.BIN,/home/maggie/GISdata/SRTM/BIN,"(-27,16),(-28,15)",15
393,2012-08-16 05:13:33.231455,1,6,srtm_40_18.asc71133.BIN,/home/maggie/GISdata/SRTM/BIN,"(-27,17),(-28,16)",17
394,2012-08-16 05:13:33.241698,1,6,srtm_40_18.asc72134.BIN,/home/maggie/GISdata/SRTM/BIN,"(-27,18),(-28,17)",17
395,2012-08-16 05:13:33.251947,1,6,srtm_40_18.asc73135.BIN,/home/maggie/GISdata/SRTM/BIN,"(-27,19),(-28,18)",19
396,2012-08-16 05:13:33.262266,1,6,srtm_40_18.asc74136.BIN,/home/maggie/GISdata/SRTM/BIN,"(-27,20),(-28,19)",19
397,2012-08-16 05:13:33.272559,1,6,srtm_40_18.asc75137.BIN,/home/maggie/GISdata/SRTM/BIN,"(-27,21),(-28,20)",21
398,2012-08-16 05:13:33.282909,1,6,srtm_40_18.asc80138.BIN,/home/maggie/GISdata/SRTM/BIN,"(-28,16),(-29,15)",15
399,2012-08-16 05:13:33.293059,1,6,srtm_40_18.asc81139.BIN,/home/maggie/GISdata/SRTM/BIN,"(-28,17),(-29,16)",17
400,2012-08-16 05:13:33.303396,1,6,srtm_40_18.asc82140.BIN,/home/maggie/GISdata/SRTM/BIN,"(-28,18),(-29,17)",17
401,2012-08-16 05:13:33.313669,1,6,srtm_40_18.asc83141.BIN,/home/maggie/GISdata/SRTM/BIN,"(-28,19),(-29,18)",19
402,2012-08-16 05:13:33.32389,1,6,srtm_40_18.asc84142.BIN,/home/maggie/GISdata/SRTM/BIN,"(-28,20),(-29,19)",19
403,2012-08-16 05:13:33.334162,1,6,srtm_40_18.asc85143.BIN,/home/maggie/GISdata/SRTM/BIN,"(-28,21),(-29,20)",21
404,2012-08-16 05:13:33.344637,1,6,srtm_40_18.asc90144.BIN,/home/maggie/GISdata/SRTM/BIN,"(-29,16),(-30,15)",15
405,2012-08-16 05:13:33.354693,1,6,srtm_40_18.asc91145.BIN,/home/maggie/GISdata/SRTM/BIN,"(-29,17),(-30,16)",17
406,2012-08-16 05:13:33.365044,1,6,srtm_40_18.asc92146.BIN,/home/maggie/GISdata/SRTM/BIN,"(-29,18),(-30,17)",17
407,2012-08-16 05:13:33.375449,1,6,srtm_40_18.asc93147.BIN,/home/maggie/GISdata/SRTM/BIN,"(-29,19),(-30,18)",19
408,2012-08-16 05:13:33.385539,1,6,srtm_40_18.asc94148.BIN,/home/maggie/GISdata/SRTM/BIN,"(-29,20),(-30,19)",19
409,2012-08-16 05:13:33.395886,1,6,srtm_40_18.asc95149.BIN,/home/maggie/GISdata/SRTM/BIN,"(-29,21),(-30,20)",21
410,2012-08-16 05:13:33.428369,1,6,srtm_40_18.asc100150.BIN,/home/maggie/GISdata/SRTM/BIN,"(-30,16),(-31,15)",15
411,2012-08-16 05:13:33.550203,1,6,srtm_40_18.asc101151.BIN,/home/maggie/GISdata/SRTM/BIN,"(-30,17),(-31,16)",17
412,2012-08-16 05:13:33.675218,1,6,srtm_40_18.asc102152.BIN,/home/maggie/GISdata/SRTM/BIN,"(-30,18),(-31,17)",17
413,2012-08-16 05:13:33.683717,1,6,srtm_40_18.asc103153.BIN,/home/maggie/GISdata/SRTM/BIN,"(-30,19),(-31,18)",19
414,2012-08-16 05:13:33.693947,1,6,srtm_40_18.asc104154.BIN,/home/maggie/GISdata/SRTM/BIN,"(-30,20),(-31,19)",19
415,2012-08-16 05:13:33.704306,1,6,srtm_40_18.asc105155.BIN,/home/maggie/GISdata/SRTM/BIN,"(-30,21),(-31,20)",21
416,2012-08-16 05:14:31.758253,1,6,srtm_41_18.asc66156.BIN,/home/maggie/GISdata/SRTM/BIN,"(-26,22),(-27,21)",21
417,2012-08-16 05:14:32.191177,1,6,srtm_41_18.asc67157.BIN,/home/maggie/GISdata/SRTM/BIN,"(-26,23),(-27,22)",23
418,2012-08-16 05:14:32.201364,1,6,srtm_41_18.asc68158.BIN,/home/maggie/GISdata/SRTM/BIN,"(-26,24),(-27,23)",23
419,2012-08-16 05:14:32.211623,1,6,srtm_41_18.asc69159.BIN,/home/maggie/GISdata/SRTM/BIN,"(-26,25),(-27,24)",25
420,2012-08-16 05:14:32.221969,1,6,srtm_41_18.asc610160.BIN,/home/maggie/GISdata/SRTM/BIN,"(-26,26),(-27,25)",25
421,2012-08-16 05:14:32.232176,1,6,srtm_41_18.asc76161.BIN,/home/maggie/GISdata/SRTM/BIN,"(-27,22),(-28,21)",21
422,2012-08-16 05:14:32.24242,1,6,srtm_41_18.asc77162.BIN,/home/maggie/GISdata/SRTM/BIN,"(-27,23),(-28,22)",23
423,2012-08-16 05:14:32.252709,1,6,srtm_41_18.asc78163.BIN,/home/maggie/GISdata/SRTM/BIN,"(-27,24),(-28,23)",23
424,2012-08-16 05:14:32.262986,1,6,srtm_41_18.asc79164.BIN,/home/maggie/GISdata/SRTM/BIN,"(-27,25),(-28,24)",25
425,2012-08-16 05:14:32.273253,1,6,srtm_41_18.asc710165.BIN,/home/maggie/GISdata/SRTM/BIN,"(-27,26),(-28,25)",25
426,2012-08-16 05:14:32.283519,1,6,srtm_41_18.asc86166.BIN,/home/maggie/GISdata/SRTM/BIN,"(-28,22),(-29,21)",21
427,2012-08-16 05:14:32.293841,1,6,srtm_41_18.asc87167.BIN,/home/maggie/GISdata/SRTM/BIN,"(-28,23),(-29,22)",23
428,2012-08-16 05:14:32.304167,1,6,srtm_41_18.asc88168.BIN,/home/maggie/GISdata/SRTM/BIN,"(-28,24),(-29,23)",23
429,2012-08-16 05:14:32.314449,1,6,srtm_41_18.asc89169.BIN,/home/maggie/GISdata/SRTM/BIN,"(-28,25),(-29,24)",25
430,2012-08-16 05:14:32.324726,1,6,srtm_41_18.asc810170.BIN,/home/maggie/GISdata/SRTM/BIN,"(-28,26),(-29,25)",25
431,2012-08-16 05:14:32.334971,1,6,srtm_41_18.asc96171.BIN,/home/maggie/GISdata/SRTM/BIN,"(-29,22),(-30,21)",21
432,2012-08-16 05:14:32.345325,1,6,srtm_41_18.asc97172.BIN,/home/maggie/GISdata/SRTM/BIN,"(-29,23),(-30,22)",23
433,2012-08-16 05:14:32.355555,1,6,srtm_41_18.asc98173.BIN,/home/maggie/GISdata/SRTM/BIN,"(-29,24),(-30,23)",23
434,2012-08-16 05:14:32.365747,1,6,srtm_41_18.asc99174.BIN,/home/maggie/GISdata/SRTM/BIN,"(-29,25),(-30,24)",25
435,2012-08-16 05:14:32.376126,1,6,srtm_41_18.asc910175.BIN,/home/maggie/GISdata/SRTM/BIN,"(-29,26),(-30,25)",25
436,2012-08-16 05:14:32.386351,1,6,srtm_41_18.asc106176.BIN,/home/maggie/GISdata/SRTM/BIN,"(-30,22),(-31,21)",21
437,2012-08-16 05:14:32.396575,1,6,srtm_41_18.asc107177.BIN,/home/maggie/GISdata/SRTM/BIN,"(-30,23),(-31,22)",23
438,2012-08-16 05:14:32.406953,1,6,srtm_41_18.asc108178.BIN,/home/maggie/GISdata/SRTM/BIN,"(-30,24),(-31,23)",23
439,2012-08-16 05:14:32.41717,1,6,srtm_41_18.asc109179.BIN,/home/maggie/GISdata/SRTM/BIN,"(-30,25),(-31,24)",25
440,2012-08-16 05:14:32.427442,1,6,srtm_41_18.asc1010180.BIN,/home/maggie/GISdata/SRTM/BIN,"(-30,26),(-31,25)",25
441,2012-08-16 05:27:16.109951,1,6,srtm_42_18.asc611181.BIN,/home/maggie/GISdata/SRTM/BIN,"(-26,27),(-27,26)",27
442,2012-08-16 05:27:16.134418,1,6,srtm_42_18.asc612182.BIN,/home/maggie/GISdata/SRTM/BIN,"(-26,28),(-27,27)",27
443,2012-08-16 05:27:16.144604,1,6,srtm_42_18.asc613183.BIN,/home/maggie/GISdata/SRTM/BIN,"(-26,29),(-27,28)",29
444,2012-08-16 05:27:16.154877,1,6,srtm_42_18.asc614184.BIN,/home/maggie/GISdata/SRTM/BIN,"(-26,30),(-27,29)",29
445,2012-08-16 05:27:16.165152,1,6,srtm_42_18.asc615185.BIN,/home/maggie/GISdata/SRTM/BIN,"(-26,31),(-27,30)",31
446,2012-08-16 05:27:16.175469,1,6,srtm_42_18.asc711186.BIN,/home/maggie/GISdata/SRTM/BIN,"(-27,27),(-28,26)",27
447,2012-08-16 05:27:16.185624,1,6,srtm_42_18.asc712187.BIN,/home/maggie/GISdata/SRTM/BIN,"(-27,28),(-28,27)",27
448,2012-08-16 05:27:16.196022,1,6,srtm_42_18.asc713188.BIN,/home/maggie/GISdata/SRTM/BIN,"(-27,29),(-28,28)",29
449,2012-08-16 05:27:16.206337,1,6,srtm_42_18.asc714189.BIN,/home/maggie/GISdata/SRTM/BIN,"(-27,30),(-28,29)",29
450,2012-08-16 05:27:16.216517,1,6,srtm_42_18.asc715190.BIN,/home/maggie/GISdata/SRTM/BIN,"(-27,31),(-28,30)",31
451,2012-08-16 05:27:16.226885,1,6,srtm_42_18.asc811191.BIN,/home/maggie/GISdata/SRTM/BIN,"(-28,27),(-29,26)",27
452,2012-08-16 05:27:16.23724,1,6,srtm_42_18.asc812192.BIN,/home/maggie/GISdata/SRTM/BIN,"(-28,28),(-29,27)",27
453,2012-08-16 05:27:16.247469,1,6,srtm_42_18.asc813193.BIN,/home/maggie/GISdata/SRTM/BIN,"(-28,29),(-29,28)",29
454,2012-08-16 05:27:16.257624,1,6,srtm_42_18.asc814194.BIN,/home/maggie/GISdata/SRTM/BIN,"(-28,30),(-29,29)",29
455,2012-08-16 05:27:16.267939,1,6,srtm_42_18.asc815195.BIN,/home/maggie/GISdata/SRTM/BIN,"(-28,31),(-29,30)",31
456,2012-08-16 05:27:16.27827,1,6,srtm_42_18.asc911196.BIN,/home/maggie/GISdata/SRTM/BIN,"(-29,27),(-30,26)",27
457,2012-08-16 05:27:16.288559,1,6,srtm_42_18.asc912197.BIN,/home/maggie/GISdata/SRTM/BIN,"(-29,28),(-30,27)",27
458,2012-08-16 05:27:16.298822,1,6,srtm_42_18.asc913198.BIN,/home/maggie/GISdata/SRTM/BIN,"(-29,29),(-30,28)",29
459,2012-08-16 05:27:16.309166,1,6,srtm_42_18.asc914199.BIN,/home/maggie/GISdata/SRTM/BIN,"(-29,30),(-30,29)",29
460,2012-08-16 05:27:16.31938,1,6,srtm_42_18.asc915200.BIN,/home/maggie/GISdata/SRTM/BIN,"(-29,31),(-30,30)",31
461,2012-08-16 05:27:16.329697,1,6,srtm_42_18.asc1011201.BIN,/home/maggie/GISdata/SRTM/BIN,"(-30,27),(-31,26)",27
462,2012-08-16 05:27:16.340063,1,6,srtm_42_18.asc1012202.BIN,/home/maggie/GISdata/SRTM/BIN,"(-30,28),(-31,27)",27
463,2012-08-16 05:27:16.350201,1,6,srtm_42_18.asc1013203.BIN,/home/maggie/GISdata/SRTM/BIN,"(-30,29),(-31,28)",29
464,2012-08-16 05:27:16.360449,1,6,srtm_42_18.asc1014204.BIN,/home/maggie/GISdata/SRTM/BIN,"(-30,30),(-31,29)",29
465,2012-08-16 05:27:16.370654,1,6,srtm_42_18.asc1015205.BIN,/home/maggie/GISdata/SRTM/BIN,"(-30,31),(-31,30)",31
466,2012-08-16 18:40:56.92119,1,6,srtm_43_18.asc616206.BIN,/home/maggie/GISdata/SRTM/BIN,"(-26,32),(-27,31)",31
467,2012-08-16 18:40:56.946337,1,6,srtm_43_18.asc617207.BIN,/home/maggie/GISdata/SRTM/BIN,"(-26,33),(-27,32)",33
468,2012-08-16 18:40:56.956601,1,6,srtm_43_18.asc618208.BIN,/home/maggie/GISdata/SRTM/BIN,"(-26,34),(-27,33)",33
469,2012-08-16 18:40:56.966572,1,6,srtm_43_18.asc619209.BIN,/home/maggie/GISdata/SRTM/BIN,"(-26,35),(-27,34)",35
470,2012-08-16 18:40:56.976947,1,6,srtm_43_18.asc620210.BIN,/home/maggie/GISdata/SRTM/BIN,"(-26,36),(-27,35)",35
471,2012-08-16 18:40:56.987342,1,6,srtm_43_18.asc716211.BIN,/home/maggie/GISdata/SRTM/BIN,"(-27,32),(-28,31)",31
472,2012-08-16 18:40:57.007917,1,6,srtm_43_18.asc717212.BIN,/home/maggie/GISdata/SRTM/BIN,"(-27,33),(-28,32)",33
473,2012-08-16 18:40:57.018196,1,6,srtm_43_18.asc718213.BIN,/home/maggie/GISdata/SRTM/BIN,"(-27,34),(-28,33)",33
474,2012-08-16 18:40:57.028402,1,6,srtm_43_18.asc719214.BIN,/home/maggie/GISdata/SRTM/BIN,"(-27,35),(-28,34)",35
475,2012-08-16 18:40:57.03866,1,6,srtm_43_18.asc720215.BIN,/home/maggie/GISdata/SRTM/BIN,"(-27,36),(-28,35)",35
476,2012-08-16 18:40:57.048834,1,6,srtm_43_18.asc816216.BIN,/home/maggie/GISdata/SRTM/BIN,"(-28,32),(-29,31)",31
477,2012-08-16 18:40:57.059106,1,6,srtm_43_18.asc817217.BIN,/home/maggie/GISdata/SRTM/BIN,"(-28,33),(-29,32)",33
478,2012-08-16 18:40:57.069485,1,6,srtm_43_18.asc818218.BIN,/home/maggie/GISdata/SRTM/BIN,"(-28,34),(-29,33)",33
479,2012-08-16 18:40:57.079796,1,6,srtm_43_18.asc819219.BIN,/home/maggie/GISdata/SRTM/BIN,"(-28,35),(-29,34)",35
480,2012-08-16 18:40:57.090011,1,6,srtm_43_18.asc820220.BIN,/home/maggie/GISdata/SRTM/BIN,"(-28,36),(-29,35)",35
481,2012-08-16 18:40:57.100321,1,6,srtm_43_18.asc916221.BIN,/home/maggie/GISdata/SRTM/BIN,"(-29,32),(-30,31)",31
482,2012-08-16 18:40:57.110614,1,6,srtm_43_18.asc917222.BIN,/home/maggie/GISdata/SRTM/BIN,"(-29,33),(-30,32)",33
483,2012-08-16 18:40:57.12074,1,6,srtm_43_18.asc918223.BIN,/home/maggie/GISdata/SRTM/BIN,"(-29,34),(-30,33)",33
484,2012-08-16 18:40:57.131119,1,6,srtm_43_18.asc919224.BIN,/home/maggie/GISdata/SRTM/BIN,"(-29,35),(-30,34)",35
485,2012-08-16 18:40:57.141623,1,6,srtm_43_18.asc920225.BIN,/home/maggie/GISdata/SRTM/BIN,"(-29,36),(-30,35)",35
486,2012-08-16 18:40:57.151797,1,6,srtm_43_18.asc1016226.BIN,/home/maggie/GISdata/SRTM/BIN,"(-30,32),(-31,31)",31
487,2012-08-16 18:40:57.161944,1,6,srtm_43_18.asc1017227.BIN,/home/maggie/GISdata/SRTM/BIN,"(-30,33),(-31,32)",33
488,2012-08-16 18:40:57.172389,1,6,srtm_43_18.asc1018228.BIN,/home/maggie/GISdata/SRTM/BIN,"(-30,34),(-31,33)",33
489,2012-08-16 18:40:57.182486,1,6,srtm_43_18.asc1019229.BIN,/home/maggie/GISdata/SRTM/BIN,"(-30,35),(-31,34)",35
490,2012-08-16 18:40:57.192697,1,6,srtm_43_18.asc1020230.BIN,/home/maggie/GISdata/SRTM/BIN,"(-30,36),(-31,35)",35
491,2012-08-17 08:40:31.347238,1,6,srtm_40_19.asc110231.BIN,/home/maggie/GISdata/SRTM/BIN,"(-31,16),(-32,15)",15
492,2012-08-17 08:40:31.369617,1,6,srtm_40_19.asc111232.BIN,/home/maggie/GISdata/SRTM/BIN,"(-31,17),(-32,16)",17
493,2012-08-17 08:40:31.379881,1,6,srtm_40_19.asc112233.BIN,/home/maggie/GISdata/SRTM/BIN,"(-31,18),(-32,17)",17
494,2012-08-17 08:40:31.390092,1,6,srtm_40_19.asc113234.BIN,/home/maggie/GISdata/SRTM/BIN,"(-31,19),(-32,18)",19
495,2012-08-17 08:40:31.400445,1,6,srtm_40_19.asc114235.BIN,/home/maggie/GISdata/SRTM/BIN,"(-31,20),(-32,19)",19
496,2012-08-17 08:40:31.410723,1,6,srtm_40_19.asc115236.BIN,/home/maggie/GISdata/SRTM/BIN,"(-31,21),(-32,20)",21
497,2012-08-17 08:40:31.420997,1,6,srtm_40_19.asc120237.BIN,/home/maggie/GISdata/SRTM/BIN,"(-32,16),(-33,15)",15
498,2012-08-17 08:40:31.431288,1,6,srtm_40_19.asc121238.BIN,/home/maggie/GISdata/SRTM/BIN,"(-32,17),(-33,16)",17
499,2012-08-17 08:40:31.441434,1,6,srtm_40_19.asc122239.BIN,/home/maggie/GISdata/SRTM/BIN,"(-32,18),(-33,17)",17
500,2012-08-17 08:40:31.451862,1,6,srtm_40_19.asc123240.BIN,/home/maggie/GISdata/SRTM/BIN,"(-32,19),(-33,18)",19
501,2012-08-17 08:40:31.462103,1,6,srtm_40_19.asc124241.BIN,/home/maggie/GISdata/SRTM/BIN,"(-32,20),(-33,19)",19
502,2012-08-17 08:40:31.4722,1,6,srtm_40_19.asc125242.BIN,/home/maggie/GISdata/SRTM/BIN,"(-32,21),(-33,20)",21
503,2012-08-17 08:40:31.482668,1,6,srtm_40_19.asc130243.BIN,/home/maggie/GISdata/SRTM/BIN,"(-33,16),(-34,15)",15
504,2012-08-17 08:40:31.492922,1,6,srtm_40_19.asc131244.BIN,/home/maggie/GISdata/SRTM/BIN,"(-33,17),(-34,16)",17
505,2012-08-17 08:40:31.503148,1,6,srtm_40_19.asc132245.BIN,/home/maggie/GISdata/SRTM/BIN,"(-33,18),(-34,17)",17
506,2012-08-17 08:40:31.513514,1,6,srtm_40_19.asc133246.BIN,/home/maggie/GISdata/SRTM/BIN,"(-33,19),(-34,18)",19
507,2012-08-17 08:40:31.52387,1,6,srtm_40_19.asc134247.BIN,/home/maggie/GISdata/SRTM/BIN,"(-33,20),(-34,19)",19
508,2012-08-17 08:40:31.534036,1,6,srtm_40_19.asc135248.BIN,/home/maggie/GISdata/SRTM/BIN,"(-33,21),(-34,20)",21
509,2012-08-17 08:40:31.544406,1,6,srtm_40_19.asc140249.BIN,/home/maggie/GISdata/SRTM/BIN,"(-34,16),(-35,15)",15
510,2012-08-17 08:40:31.554572,1,6,srtm_40_19.asc141250.BIN,/home/maggie/GISdata/SRTM/BIN,"(-34,17),(-35,16)",17
511,2012-08-17 08:40:31.564769,1,6,srtm_40_19.asc142251.BIN,/home/maggie/GISdata/SRTM/BIN,"(-34,18),(-35,17)",17
512,2012-08-17 08:40:31.575236,1,6,srtm_40_19.asc143252.BIN,/home/maggie/GISdata/SRTM/BIN,"(-34,19),(-35,18)",19
513,2012-08-17 08:40:31.585396,1,6,srtm_40_19.asc144253.BIN,/home/maggie/GISdata/SRTM/BIN,"(-34,20),(-35,19)",19
514,2012-08-17 08:40:31.59575,1,6,srtm_40_19.asc145254.BIN,/home/maggie/GISdata/SRTM/BIN,"(-34,21),(-35,20)",21
515,2012-08-17 08:40:31.606064,1,6,srtm_40_19.asc150255.BIN,/home/maggie/GISdata/SRTM/BIN,"(-35,16),(-36,15)",15
516,2012-08-17 08:40:31.616323,1,6,srtm_40_19.asc151256.BIN,/home/maggie/GISdata/SRTM/BIN,"(-35,17),(-36,16)",17
517,2012-08-17 08:40:31.626547,1,6,srtm_40_19.asc152257.BIN,/home/maggie/GISdata/SRTM/BIN,"(-35,18),(-36,17)",17
518,2012-08-17 08:40:31.636878,1,6,srtm_40_19.asc153258.BIN,/home/maggie/GISdata/SRTM/BIN,"(-35,19),(-36,18)",19
519,2012-08-17 08:40:31.647077,1,6,srtm_40_19.asc154259.BIN,/home/maggie/GISdata/SRTM/BIN,"(-35,20),(-36,19)",19
520,2012-08-17 08:40:31.657435,1,6,srtm_40_19.asc155260.BIN,/home/maggie/GISdata/SRTM/BIN,"(-35,21),(-36,20)",21
521,2012-08-17 15:38:40.087508,1,6,srtm_41_19.asc116261.BIN,/home/maggie/GISdata/SRTM/BIN,"(-31,22),(-32,21)",21
522,2012-08-17 15:38:40.109226,1,6,srtm_41_19.asc117262.BIN,/home/maggie/GISdata/SRTM/BIN,"(-31,23),(-32,22)",23
523,2012-08-17 15:38:40.140788,1,6,srtm_41_19.asc118263.BIN,/home/maggie/GISdata/SRTM/BIN,"(-31,24),(-32,23)",23
524,2012-08-17 15:38:40.170897,1,6,srtm_41_19.asc119264.BIN,/home/maggie/GISdata/SRTM/BIN,"(-31,25),(-32,24)",25
525,2012-08-17 15:38:40.181156,1,6,srtm_41_19.asc1110265.BIN,/home/maggie/GISdata/SRTM/BIN,"(-31,26),(-32,25)",25
526,2012-08-17 15:38:40.191341,1,6,srtm_41_19.asc126266.BIN,/home/maggie/GISdata/SRTM/BIN,"(-32,22),(-33,21)",21
527,2012-08-17 15:38:40.201726,1,6,srtm_41_19.asc127267.BIN,/home/maggie/GISdata/SRTM/BIN,"(-32,23),(-33,22)",23
528,2012-08-17 15:38:40.212105,1,6,srtm_41_19.asc128268.BIN,/home/maggie/GISdata/SRTM/BIN,"(-32,24),(-33,23)",23
529,2012-08-17 15:38:40.222293,1,6,srtm_41_19.asc129269.BIN,/home/maggie/GISdata/SRTM/BIN,"(-32,25),(-33,24)",25
530,2012-08-17 15:38:40.232474,1,6,srtm_41_19.asc1210270.BIN,/home/maggie/GISdata/SRTM/BIN,"(-32,26),(-33,25)",25
531,2012-08-17 15:38:40.242677,1,6,srtm_41_19.asc136271.BIN,/home/maggie/GISdata/SRTM/BIN,"(-33,22),(-34,21)",21
532,2012-08-17 15:38:40.253028,1,6,srtm_41_19.asc137272.BIN,/home/maggie/GISdata/SRTM/BIN,"(-33,23),(-34,22)",23
533,2012-08-17 15:38:40.263185,1,6,srtm_41_19.asc138273.BIN,/home/maggie/GISdata/SRTM/BIN,"(-33,24),(-34,23)",23
534,2012-08-17 15:38:40.273639,1,6,srtm_41_19.asc139274.BIN,/home/maggie/GISdata/SRTM/BIN,"(-33,25),(-34,24)",25
535,2012-08-17 15:38:40.284082,1,6,srtm_41_19.asc1310275.BIN,/home/maggie/GISdata/SRTM/BIN,"(-33,26),(-34,25)",25
536,2012-08-17 15:38:40.294155,1,6,srtm_41_19.asc146276.BIN,/home/maggie/GISdata/SRTM/BIN,"(-34,22),(-35,21)",21
537,2012-08-17 15:38:40.304465,1,6,srtm_41_19.asc147277.BIN,/home/maggie/GISdata/SRTM/BIN,"(-34,23),(-35,22)",23
538,2012-08-17 15:38:40.314748,1,6,srtm_41_19.asc148278.BIN,/home/maggie/GISdata/SRTM/BIN,"(-34,24),(-35,23)",23
539,2012-08-17 15:38:40.325074,1,6,srtm_41_19.asc149279.BIN,/home/maggie/GISdata/SRTM/BIN,"(-34,25),(-35,24)",25
540,2012-08-17 15:38:40.335404,1,6,srtm_41_19.asc1410280.BIN,/home/maggie/GISdata/SRTM/BIN,"(-34,26),(-35,25)",25
541,2012-08-17 15:38:40.345466,1,6,srtm_41_19.asc156281.BIN,/home/maggie/GISdata/SRTM/BIN,"(-35,22),(-36,21)",21
542,2012-08-17 15:38:40.355878,1,6,srtm_41_19.asc157282.BIN,/home/maggie/GISdata/SRTM/BIN,"(-35,23),(-36,22)",23
543,2012-08-17 15:38:40.36619,1,6,srtm_41_19.asc158283.BIN,/home/maggie/GISdata/SRTM/BIN,"(-35,24),(-36,23)",23
544,2012-08-17 15:38:40.376568,1,6,srtm_41_19.asc159284.BIN,/home/maggie/GISdata/SRTM/BIN,"(-35,25),(-36,24)",25
545,2012-08-17 15:38:40.386702,1,6,srtm_41_19.asc1510285.BIN,/home/maggie/GISdata/SRTM/BIN,"(-35,26),(-36,25)",25
546,2012-08-18 05:03:16.725323,1,6,srtm_42_19.asc1111286.BIN,/home/maggie/GISdata/SRTM/BIN,"(-31,27),(-32,26)",27
547,2012-08-18 05:03:16.741662,1,6,srtm_42_19.asc1112287.BIN,/home/maggie/GISdata/SRTM/BIN,"(-31,28),(-32,27)",27
548,2012-08-18 05:03:16.751899,1,6,srtm_42_19.asc1113288.BIN,/home/maggie/GISdata/SRTM/BIN,"(-31,29),(-32,28)",29
549,2012-08-18 05:03:16.761979,1,6,srtm_42_19.asc1114289.BIN,/home/maggie/GISdata/SRTM/BIN,"(-31,30),(-32,29)",29
550,2012-08-18 05:03:16.772301,1,6,srtm_42_19.asc1115290.BIN,/home/maggie/GISdata/SRTM/BIN,"(-31,31),(-32,30)",31
551,2012-08-18 05:03:16.782696,1,6,srtm_42_19.asc1211291.BIN,/home/maggie/GISdata/SRTM/BIN,"(-32,27),(-33,26)",27
552,2012-08-18 05:03:16.792926,1,6,srtm_42_19.asc1212292.BIN,/home/maggie/GISdata/SRTM/BIN,"(-32,28),(-33,27)",27
553,2012-08-18 05:03:16.803166,1,6,srtm_42_19.asc1213293.BIN,/home/maggie/GISdata/SRTM/BIN,"(-32,29),(-33,28)",29
554,2012-08-18 05:03:16.81361,1,6,srtm_42_19.asc1214294.BIN,/home/maggie/GISdata/SRTM/BIN,"(-32,30),(-33,29)",29
555,2012-08-18 05:03:16.823889,1,6,srtm_42_19.asc1215295.BIN,/home/maggie/GISdata/SRTM/BIN,"(-32,31),(-33,30)",31
556,2012-08-18 05:03:16.834108,1,6,srtm_42_19.asc1311296.BIN,/home/maggie/GISdata/SRTM/BIN,"(-33,27),(-34,26)",27
557,2012-08-18 05:03:16.844394,1,6,srtm_42_19.asc1312297.BIN,/home/maggie/GISdata/SRTM/BIN,"(-33,28),(-34,27)",27
558,2012-08-18 05:03:16.854631,1,6,srtm_42_19.asc1313298.BIN,/home/maggie/GISdata/SRTM/BIN,"(-33,29),(-34,28)",29
559,2012-08-18 05:03:16.864997,1,6,srtm_42_19.asc1314299.BIN,/home/maggie/GISdata/SRTM/BIN,"(-33,30),(-34,29)",29
560,2012-08-18 05:03:16.875262,1,6,srtm_42_19.asc1315300.BIN,/home/maggie/GISdata/SRTM/BIN,"(-33,31),(-34,30)",31
561,2012-08-18 05:03:16.885684,1,6,srtm_42_19.asc1411301.BIN,/home/maggie/GISdata/SRTM/BIN,"(-34,27),(-35,26)",27
562,2012-08-18 05:03:16.895755,1,6,srtm_42_19.asc1412302.BIN,/home/maggie/GISdata/SRTM/BIN,"(-34,28),(-35,27)",27
563,2012-08-18 05:03:16.906033,1,6,srtm_42_19.asc1413303.BIN,/home/maggie/GISdata/SRTM/BIN,"(-34,29),(-35,28)",29
564,2012-08-18 05:03:16.916234,1,6,srtm_42_19.asc1414304.BIN,/home/maggie/GISdata/SRTM/BIN,"(-34,30),(-35,29)",29
565,2012-08-18 05:03:16.926563,1,6,srtm_42_19.asc1415305.BIN,/home/maggie/GISdata/SRTM/BIN,"(-34,31),(-35,30)",31
566,2012-08-18 05:03:16.936885,1,6,srtm_42_19.asc1511306.BIN,/home/maggie/GISdata/SRTM/BIN,"(-35,27),(-36,26)",27
567,2012-08-18 05:03:16.94717,1,6,srtm_42_19.asc1512307.BIN,/home/maggie/GISdata/SRTM/BIN,"(-35,28),(-36,27)",27
568,2012-08-18 05:03:16.957431,1,6,srtm_42_19.asc1513308.BIN,/home/maggie/GISdata/SRTM/BIN,"(-35,29),(-36,28)",29
569,2012-08-18 05:03:16.967688,1,6,srtm_42_19.asc1514309.BIN,/home/maggie/GISdata/SRTM/BIN,"(-35,30),(-36,29)",29
570,2012-08-18 05:03:16.977914,1,6,srtm_42_19.asc1515310.BIN,/home/maggie/GISdata/SRTM/BIN,"(-35,31),(-36,30)",31
571,2012-08-18 20:42:48.765416,1,6,srtm_43_19.asc1116311.BIN,/home/maggie/GISdata/SRTM/BIN,"(-31,32),(-32,31)",31
572,2012-08-18 20:42:48.780696,1,6,srtm_43_19.asc1117312.BIN,/home/maggie/GISdata/SRTM/BIN,"(-31,33),(-32,32)",33
573,2012-08-18 20:42:48.790984,1,6,srtm_43_19.asc1118313.BIN,/home/maggie/GISdata/SRTM/BIN,"(-31,34),(-32,33)",33
574,2012-08-18 20:42:48.801346,1,6,srtm_43_19.asc1119314.BIN,/home/maggie/GISdata/SRTM/BIN,"(-31,35),(-32,34)",35
575,2012-08-18 20:42:48.811449,1,6,srtm_43_19.asc1120315.BIN,/home/maggie/GISdata/SRTM/BIN,"(-31,36),(-32,35)",35
576,2012-08-18 20:42:48.821792,1,6,srtm_43_19.asc1216316.BIN,/home/maggie/GISdata/SRTM/BIN,"(-32,32),(-33,31)",31
577,2012-08-18 20:42:48.832109,1,6,srtm_43_19.asc1217317.BIN,/home/maggie/GISdata/SRTM/BIN,"(-32,33),(-33,32)",33
578,2012-08-18 20:42:48.842377,1,6,srtm_43_19.asc1218318.BIN,/home/maggie/GISdata/SRTM/BIN,"(-32,34),(-33,33)",33
579,2012-08-18 20:42:48.85247,1,6,srtm_43_19.asc1219319.BIN,/home/maggie/GISdata/SRTM/BIN,"(-32,35),(-33,34)",35
580,2012-08-18 20:42:48.86281,1,6,srtm_43_19.asc1220320.BIN,/home/maggie/GISdata/SRTM/BIN,"(-32,36),(-33,35)",35
581,2012-08-18 20:42:48.873147,1,6,srtm_43_19.asc1316321.BIN,/home/maggie/GISdata/SRTM/BIN,"(-33,32),(-34,31)",31
582,2012-08-18 20:42:48.883674,1,6,srtm_43_19.asc1317322.BIN,/home/maggie/GISdata/SRTM/BIN,"(-33,33),(-34,32)",33
583,2012-08-18 20:42:48.893904,1,6,srtm_43_19.asc1318323.BIN,/home/maggie/GISdata/SRTM/BIN,"(-33,34),(-34,33)",33
584,2012-08-18 20:42:48.903932,1,6,srtm_43_19.asc1319324.BIN,/home/maggie/GISdata/SRTM/BIN,"(-33,35),(-34,34)",35
585,2012-08-18 20:42:48.914338,1,6,srtm_43_19.asc1320325.BIN,/home/maggie/GISdata/SRTM/BIN,"(-33,36),(-34,35)",35
586,2012-08-18 20:42:48.92458,1,6,srtm_43_19.asc1416326.BIN,/home/maggie/GISdata/SRTM/BIN,"(-34,32),(-35,31)",31
587,2012-08-18 20:42:48.934916,1,6,srtm_43_19.asc1417327.BIN,/home/maggie/GISdata/SRTM/BIN,"(-34,33),(-35,32)",33
588,2012-08-18 20:42:48.945234,1,6,srtm_43_19.asc1418328.BIN,/home/maggie/GISdata/SRTM/BIN,"(-34,34),(-35,33)",33
589,2012-08-18 20:42:48.955412,1,6,srtm_43_19.asc1419329.BIN,/home/maggie/GISdata/SRTM/BIN,"(-34,35),(-35,34)",35
590,2012-08-18 20:42:48.965792,1,6,srtm_43_19.asc1420330.BIN,/home/maggie/GISdata/SRTM/BIN,"(-34,36),(-35,35)",35
591,2012-08-18 20:42:48.976063,1,6,srtm_43_19.asc1516331.BIN,/home/maggie/GISdata/SRTM/BIN,"(-35,32),(-36,31)",31
592,2012-08-18 20:42:48.986267,1,6,srtm_43_19.asc1517332.BIN,/home/maggie/GISdata/SRTM/BIN,"(-35,33),(-36,32)",33
593,2012-08-18 20:42:48.996617,1,6,srtm_43_19.asc1518333.BIN,/home/maggie/GISdata/SRTM/BIN,"(-35,34),(-36,33)",33
594,2012-08-18 20:42:49.006895,1,6,srtm_43_19.asc1519334.BIN,/home/maggie/GISdata/SRTM/BIN,"(-35,35),(-36,34)",35
595,2012-08-18 20:42:49.017191,1,6,srtm_43_19.asc1520335.BIN,/home/maggie/GISdata/SRTM/BIN,"(-35,36),(-36,35)",35
